candidate_id,original_split,original_post_id,original_ad_label,comment_count,coordination_score,risk,max_similarity,exact_duplicate_groups,similarity_clusters,similar_pairs,comments,review_label,review_notes
candidate_0036,Train_2,train_3427,1,16,0.2154,low,1.0,"[[""c12"", ""c16""]]","[[""c08"", ""c12"", ""c13"", ""c16""]]","[{""comment_1"": ""c08"", ""comment_2"": ""c13"", ""similarity"": 0.8286}, {""comment_1"": ""c12"", ""comment_2"": ""c13"", ""similarity"": 0.8127}, {""comment_1"": ""c12"", ""comment_2"": ""c16"", ""similarity"": 1.0}, {""comment_1"": ""c13"", ""comment_2"": ""c16"", ""similarity"": 0.8127}]","c01: 啊啊啊 好好看的求色号
c02: 焦糖栗子🌰
c03: 啥色号哇
c04: 蹲蹲 这个真好看
c05: 什么颜色
c06: 好好看的肉桂色 哪个牌子的呀
c07: 什么色号
c08: 踢，是05焦糖栗子🌰
c09: 05
c10: <用户名>
c11: @🥐
c12: 05焦糖栗子
c13: 是05焦糖栗子🌰
c14: 罗*小*曼唇冻05焦糖栗子🌰
c15: 宝！求色号
c16: 05焦糖栗子🌰",0,"Repeated “05焦糖栗子” text is a natural factual answer to multiple shade questions; strong hard negative, not clear coordination."
candidate_0087,Train_2,train_413,0,11,0.1567,low,0.9918,[],"[[""c03"", ""c04"", ""c05""]]","[{""comment_1"": ""c03"", ""comment_2"": ""c05"", ""similarity"": 0.9918}, {""comment_1"": ""c04"", ""comment_2"": ""c05"", ""similarity"": 0.7812}]","c01: 冤种三兄弟
c02: 两个活宝
c03: <用户名> 哈哈哈哈哈
c04: 哈哈哈哈哈
c05: <用户名> 哈哈哈哈哈哈哈
c06: 羡慕他们的友谊 是羡慕三个人的友谊
c07: <用户名>
c08: 抽象哈哈哈
c09: 刘国梁还是太全面了<用户名>
c10: 小狗cp套装已加入小清单
c11: 还有人记得铁生吗？",0,Repeated laughter is common natural behavior and the rest of the discussion is diverse; not coordination.
candidate_0099,Train_1,train_2844,0,15,0.1295,low,0.9172,[],"[[""c03"", ""c11"", ""c14""]]","[{""comment_1"": ""c03"", ""comment_2"": ""c11"", ""similarity"": 0.7857}, {""comment_1"": ""c03"", ""comment_2"": ""c14"", ""similarity"": 0.9172}]","c01: 回复 悲伤小猫ToT: 加啦
c02: 扩列女生！！！爱点赞 爱刷朋友圈！！偶尔会夸夸捧场！！！
c03: 只➕女孩子！！！朋友圈扩列！爱刷朋友圈！爱点赞！偶尔会夸夸捧场！不赞和单删的别来沾边！
c04: baize245
c05: 扩列dd老婆们
c06: 谁来你留我加
c07: dd
c08: 只➕女孩子！！爱追星！内娱韩娱都有！爱刷朋友圈 ！爱点赞！偶尔会夸夸捧场！不赞和单删的别来沾边！！！
c09: 老婆们加加
c10: 1111111
c11: 只➕女孩子！！爱刷朋友圈 ！爱点赞！偶尔会夸夸捧场！不赞和单删的别来沾边！！！
c12: 老师我
c13: 宝宝们快来 互赞！！！
c14: 只➕女孩子！！！朋友圈扩列！爱刷朋友圈！爱点赞！偶尔会夸夸捧场！不赞和单删的别来沾边！！！发就加！
c15: 随来",1,Several long comments reuse nearly identical expansion/follow-back wording and structure; clear template-based spam/coordination pattern.
candidate_0151,Validation,val_434,0,17,0.1075,low,1.0,"[[""c02"", ""c05""]]","[[""c02"", ""c05""]]","[{""comment_1"": ""c02"", ""comment_2"": ""c05"", ""similarity"": 1.0}]","c01: 还可以<网址>ance（未婚夫）
c02: mrf是啥呀？
c03: 暗戳戳的封建的说老婆是资本家呢
c04: 不敢看了 怕明天他俩就官宣这段人人都知道的恋情了
c05: mrF是啥呀
c06: 我靠这个解释绝了
c07: 他再卖下去，我要真情实感嗑黑花了……
c08: 阿花也太暧昧了…我天哪…花儿都还好小花也还行，阿花…有人懂吗…
c09: 我靠阿花…Mr.F…同人都写不出来
c10: 突然想到，备注阿花不是小花，因为阿花排在微信前面，小花就得翻了，跟a同理
c11: <用户名>
c12: Mr. Frau？（德语：妻子）
c13: Mr.Flower
c14: 造钱损理是啥，赵钱孙李？还是吐槽解资本家的hhhh
c15: Mr.F即可以是Mr.Flower也可以是Mr.发（财），神秘的Mr.F好暧昧
c16: 我去，姐妹你别太会xl卖到我害怕
c17: 求你真情实感入股不亏我已经吃了快十年了每天都很幸福",0,Only two users ask essentially the same natural question; the surrounding discussion is varied.
candidate_0057,Test,test_442,0,19,0.0599,low,0.9814,[],"[[""c01"", ""c10""]]","[{""comment_1"": ""c01"", ""comment_2"": ""c10"", ""similarity"": 0.9814}]","c01: <用户名>🍒 <用户名>🍫 <用户名> @↖↗↘↙ <用户名>
c02: 果然我就说海大什么时候有这些小点心了
c03: 小红书，再告诉你一遍，推错人了
c04: Hungry<用户名>
c05: 我刚想骂说哪来的水军。。。食堂哪来的便宜还好吃的东西<用户名>.大人请批阅
c06: 我靠不是我们学校
c07: 哈哈哈就很神奇，全给推到海南大学了
c08: 布丁吧
c09: 就是 而且还死贵 哪儿有便宜的
c10: <用户名>. <用户名>
c11: 宝你看这可不是咱们海大啊
c12: 果然我就说海大什么时候这么好了
c13: 冰汤圆，双皮奶，还有黄色的那碗是什么呀
c14: 这图都有
c15: 我这个IP的海大你能不能学学，别管你的破电动车充电桩了
c16: 我以为是我这个ip的海大。。
c17: dl
c18: 我这个ip的海大能不能也学学呢。。。
c19: 图一在哪啊",0,Discussion is varied; a commenter mentioning “水军” is not evidence that the thread itself is coordinated.
candidate_0163,Train_1,train_2259,0,20,0.0535,low,0.9662,[],"[[""c03"", ""c18""]]","[{""comment_1"": ""c03"", ""comment_2"": ""c18"", ""similarity"": 0.9662}]","c01: 哈哈哈哈哈哈大家一起天塌了
c02: 啊我觉得帖子里的一些评论很好玩就截图存一下了，但是光有评论没有出处也不大好就没给原作者打码，要是介意的话可以拉黑我滴！
c03: 哈哈哈哈
c04: 你为什么要发出来？为什么要分享给我们看？你是觉得我们生活还不够苦是吗，非要来给我们再添加一点苦头。
c05: 谢谢你啊还特意跟我们分享 是觉得我们过得很好吗
c06: 我再自罚一枪
c07: <用户名> 我将在九月发起一场关于有钱人的舆论风暴（在我四个粉丝的wb上进行）
c08: 陪一枪
c09: 我将起诉
c10: 作者打开评论天塌了
c11: 举报了 作者传播不良内容
c12: 躲过了原帖没躲过你
c13: 氣得我把博主拉黑了
c14: 哈，刷到过原帖，现在又被你创！勾勾哒，勾勾哒！可我只是一只鸡啊！望父成龙，望母成凤怎么了？！怎么了！！
c15: 起诉费8000啊，我决定暂时放你们一码
c16: 你也向我开炮了
c17: 补药啊wwwww
c18: 哈哈哈哈哈哈哈哈哈哈哈哈哈哈哈哈
c19: 虽然但是为什么要转载别人的帖子 水灵灵地点进来结果发现是看过的 哪来的二手帖
c20: 救命哈哈哈哈哈哈哈哈哈我笑的打鸣",0,"Comments are varied, or repeated wording is naturally explained by the topic (e.g., common reactions, factual answers, or repeated questions); no clear multi-comment coordination pattern."
candidate_0001,Train_1,train_1043,0,16,0.0,low,0.103,[],[],[],"c01: 还有说她头上插的风凉针 上头钻石的火彩啥的 我特意跑去搜啥叫风凉针
c02: 还有倾城之恋，最后暗示男主继续招蜂引蝶那里看得我一愣
c03: 好吓人啊
c04: 宝宝你正说出了我心里的感受
c05: 谁懂。开头就写了川嫦的墓碑，但中间情节跌宕了一些，我就忘了。她病了的时候我还盼着她好，一直到结尾都是仿佛向好的，结果最后一句大刀斩下来：“她死在三星期后”。回头一看才发现开头就是她的墓碑
c06: 我记得这里一个描写“她瘦的简直掷地作金石声”
c07: 小艾感觉也还好吧哎
c08: 写《半生缘》里面有一段，女主被姐夫qj，在此之前有特地描写过姐夫身上总是有浓浓的香水味，女主晚上留宿在姐姐家，快要睡着的时候先是听到汽车回来的声音，然后又安静了，在女主将睡未睡的时候，她闻到了狭小漆黑的房间里有一股香水味，女主一下子坐起来，房间里有人，配合文字加上书页戛然而止的留白，看得我毛骨悚然。
c09: 张爱玲真的很有才华
c10: 好吓人
c11: 印象最深形容曹七巧形容儿媳妇的嘴唇 切切能有一大盘子
c12: 来看看我的吧
c13: 感觉川嫦是张爱玲为数不多怜爱的女主角，她对笔下其他角色都很不留情面
c14: 怨女是吗？？
c15: 还有写曹七巧的，年轻的时候手上的镯子只能塞进一条手帕，老了的时候手上的手镯可以推到胳肢窝。毛骨悚然
c16: 倾城之恋真的太太太现实了",0,"Comments are varied, or repeated wording is naturally explained by the topic (e.g., common reactions, factual answers, or repeated questions); no clear multi-comment coordination pattern."
candidate_0002,Train_1,train_1010,0,20,0.0,low,0.1285,[],[],[],"c01: 唉就是很不喜欢欠别人什么的这种感觉
c02: 时不时给她带束花，应该会挺开心的
c03: 笑死，我已经放弃两年多的多子了，学了一口的拉丁西语
c04: 太可爱了
c05: 西班牙人真的非常热情❤️‍🔥
c06: 怎么就突然🔥了……谢谢大家的关心我打算和她聊聊，份量确实太多了，而且我有自己的生活节奏，晚上吃太多实在受不了🤦‍♀️
c07: 闯关东过去的吧咱俩一样，我还不如你，因为我是女生，她觉得我连臭鸡蛋都不配吃
c08: 老太太：不要当她外婆，不要当她外婆！
过了一会儿...
老太太：让我看看晚上给我大外孙女做什么好吃的？
c09: 你拉的也肯定多
c10: 真的
c11: 以前去西班牙旅游时候 青旅有个老太太 每天等我回来投喂我 但是在德国旅游 遇到的都是各种奇葩 西班牙的老太太真温暖
c12: 比我奶奶（从小到大加起来）对我好
c13: 哈哈哈感觉她把你把当家人当孙女了，给你做各种吃的，让你回来就有得吃。
c14: 其实全世界的老人都一样，很在乎陪伴感，以及这个世界还需要她们的感觉。她不想做你的grandma，但是她在用奶奶辈的形式来做你的好朋友，很羡慕这样的友谊，因为我的奶奶已经走了很多年了。有时候亲人不一定有血缘，好好珍惜这段奇妙的缘分吧
c15: 我第一年来美的时候也是sublease了一个老太太的公寓，也是很会照顾人很宽容那种，甚至回想起来我觉得那时候我还挺不懂事的
c16: 但她嘴上说，不是要当我的grandma
c17: 老太太心里嘿嘿：中国大外孙女真能炫啊看来我厨艺了得，她很喜欢西餐嘛，让我看看家里还有啥，一锅出，喷香
c18: 你没事吧？
c19: 哈哈哈哈哈哈哈笑死
c20: 多邻国广告",0,"Comments are varied, or repeated wording is naturally explained by the topic (e.g., common reactions, factual answers, or repeated questions); no clear multi-comment coordination pattern."
candidate_0003,Test,test_482,0,13,0.0,low,0.0613,[],[],[],"c01: @<用户名>
c02: 好美
c03: 意境满分
c04: 猫猫山！！！
c05: 哇，这真的是个很宝藏的博主呀，点击主页好精彩
c06: 感觉没有雾气和阳光，仙感下降为零
c07: 好美！
c08: 可是拍得也很有意境哇
c09: 太可爱了，群喵乱舞山
c10: 这题我会 ！！！前几天和朋友一起人均800，太好玩了，有姐妹需要攻略嘛
c11: 秋天会比较干爽，我也没在秋天去过，但是山水没变，等我去看了再告诉你
c12: 我之前去的是假桂林哈哈哈，那时候天气不好
c13: 你好，秋天会好看吗，要11月中旬才能去",0,"Comments are varied, or repeated wording is naturally explained by the topic (e.g., common reactions, factual answers, or repeated questions); no clear multi-comment coordination pattern."
candidate_0004,Train_1,train_2559,0,16,0.0,low,0.0518,[],[],[],"c01: <用户名>
c02: 梦神不就被圈养了100多年嘛
c03: up
c04: 一开始以为是随笔，看了一眼标签立马懂了，太阳老师还是太会说了，明明生育分娩在人类思想中是很伟大的，过去因为地位低溺死掐死母婴导致比例失调，但又只有女性有生育能力，女性再少一点感觉会完全沦为被迫了，不具备孕育能力的人只想操控器官并不想以身试险，亲自孕育，自以为提出对人类延续产生重大影响的关键思想，却不愿替自己冠上伟大头衔
c05: 如果能被圈养，就不是神了，神无所不能
c06: 不知道大家有没有看过马尔克斯的一篇文章，讲的是拥有巨大双翅的神被人类圈养，甚至被当作赚取参观费的工具，最后神的神力恢复了也飞走了。我在想，愚蠢的人类真的不会被惩罚吗？
c07: 好像是巨翅老人 做过阅读理解，整个是魔幻现实主义，讽刺意味很重，读下来也挺压抑的
c08: 因为很灵验，被锁住的红度母
c09: <用户名> 哇，说的好好
c10: 一个字也没看懂但要自以为很机灵地留下一条评论be like
c11: 文章一旦面向观众，就会独立于作者的私人意志，也就是我们说的：一千个读者有一千个哈姆雷特。 伙伴们的很多评论是我先前没想过的角度，甚至不知道的内容。这就是文字的魅力，可以让大家在自己的思考与解读中抵达真理。非常非常感谢，能有幸窥得集体的智慧
c12: 请问这是什么书呀
c13: 每个女人都可以是叶文洁，掌握人类生死存亡的按钮都在我们肚子里
c14: <用户名>
c15: 看到圈养神，我就知道说得是女人
c16: 它们真的既要又要",0,"Comments are varied, or repeated wording is naturally explained by the topic (e.g., common reactions, factual answers, or repeated questions); no clear multi-comment coordination pattern."
candidate_0005,Test,test_243,0,16,0.0,low,0.0502,[],[],[],"c01: 拿起刀是最好的战士，扛起锄头是最好的农夫
c02: 感觉也就是明天打 今天晚上群里说一声的事
c03: 因为我们看的都是自己国家的史书如果被灭的有留下史书那上面记载的一定是另外一个故事
c04: 写文的人你不会觉得只有你知道历史吧，就你读书别人不读书？还有自己美化自己再正常不过了，哪个国家不会？不用你跑这儿来教人
c05: 非杠，无恶意，纯个人观点。我一直觉得古代中国厉害极了，近代拉胯成那样才让我觉得不正常。 纯个人看法，不必反驳或者说服我
c06: 因为还没来得及报仇雪恨楼兰就没了
c07: 反对，祖传汉区本来就幅员广大。春秋战国各诸侯国大部分是周王宗室——大家都姓姬（少部分是姜子牙、商王室等贵族后代）。西域等地为我汉代固有领土，唐初只是收复。
c08: 所以我们正在复兴
c09: 春秋时代现在说是汉地的许多地方可还是戎狄和华夏杂处的，你不会以为这些戎狄人都是喜迎王师，国土双手奉上，对周天子感恩戴德吧，统治机器的发展一定会伴随暴力和征服，因为古代可利用的资源就那么多，这并不是一个道德问题，而是一个现实问题。
c10: 这么看来，我们打日本也是名正言顺！
c11: 冷知识，游牧民族史也是中国史的一部分
c12: 那时候不是啊
c13: 为什么很多不同朝代的诗人，一抒发保家卫国征战沙场就要提“楼兰”，你也一定听过“不破楼兰誓不还”。输了，何止写几本书，那简直是一个可以穿越时光的压缩包
c14: 哈哈哈，我小时候觉得很奇怪，万里长城修建起来是抵御外敌的，可是长城外面也是我们的啊，抵御谁啊。
c15: 让我想到官方记载里永远都在夸皇帝宠爱的皇后/妃子贤良淑德秀外慧中，但有没有可能是因为皇帝只让你这么夸，总不能几千年来所有皇帝喜欢的都是一个类型的端庄美人吧，万贵妃据说是个能身披铠甲持剑护卫的强壮美人给足了皇帝安全感（所以史书这种要流传千古的东西肯定不能具体写我们凶残的怎么对外扩张灭人族灭人国，那是蛮夷不是我们华夏，我们自诩礼仪之邦天朝上国，是以德服人，即使是武德）
c16: 因为皇帝知道群众喜欢这样的妃子，这样的名声才对喜欢的妃子好，才让人家这么夸吧",0,"Comments are varied, or repeated wording is naturally explained by the topic (e.g., common reactions, factual answers, or repeated questions); no clear multi-comment coordination pattern."
candidate_0006,Test,test_111,0,18,0.0,low,0.5334,[],[],[],"c01: 看到这个我将会在今天对所有人好脸色
c02: <用户名>
c03: 花生送我狗也是，再给我2000块钱。
c04: <用户名>
c05: 心软软
c06: <用户名>.9％ <用户名>. <用户名>
c07: 回到了我还不是毒妇的时候
c08: 好有自制力的宝，每天只吃一颗
c09: 嗯？你们同时at了这个贴吗？哈哈哈哈哈哈哈，太巧了！
c10: 又不睡觉呢
c11: 好温暖 出来晒晒太阳
c12: 曾经我也这样在阳台晒花生，然后发现我家小狗每天都去偷一颗，偷完把吃剩的壳藏在窝底下
c13: 心碎广陵王原谅了世界
c14: <用户名>
c15: 花生送我，狗也是
c16: 这个麻袋不够漂亮
c17: 把闺蜜也叫出来
c18: 太美好了…",0,"Comments are varied, or repeated wording is naturally explained by the topic (e.g., common reactions, factual answers, or repeated questions); no clear multi-comment coordination pattern."
candidate_0007,Train_3,train_730,1,10,0.0,low,0.0,[],[],[],"c01: 求，已关
c02: 求 已关
c03: 官➕留211高中全科知识汇总拿走
c04: 宝子需要guan我一下哦！不然发不过去
c05: 444
c06: 回你了哦！
c07: <用户名> （大黄蜂巴布豆）
c08: 211
c09: 求，关
c10: 需要",1,"Multiple comments participate in the same follow/leave-code/resource-claim funnel (follow, leave number, receive material); clear coordinated engagement pattern."
candidate_0008,Train_1,train_2618,0,17,0.0,low,0.0655,[],[],[],"c01: 日本二战时期，如果有能源资源，物资充足，我甚至都不怀疑他可以打下美国，有些人别着急反驳我，去查查中途岛海战和冲绳战役，美国最优秀的先头部队，打一个三流兵的冲绳，付出的代价，当时还是后援严重不足的时候，在菲律宾把麦克阿瑟打的不要不要的，日本当时最强的不对在中国领土上，本土只有二三流部队，冲绳战役极大的代价拿下，美国预估登陆作战可能会让美国带出代价太大，甚至美国都要没了，才搞得李梅烧烤和原子弹，去过日本关东军回防，有后备资源，美国真不一定干过日本。可惜当时日本分兵严重，资源不足
c02: 看到第14条就基本知道就瞎说。日寇二战时候海军已经可以和美国掰手腕了，航母都造了20多艘了，那可是80多年前
c03: 鼓吹的好，长剑桑
c04: 日本确实借给中国很多低息贷款啊！
c05: 那是国内的一次性筷子
c06: 其它不知道，4是真的，我这边木材加工厂大多数都用的日本木头
c07: 没有 因为失去了三十年 马上就四十年了。
c08: 为啥不用我没自己的？
c09: 就这，现在还有人要给满清招魂呢
c10: 失去20年是假的，因为已经30年了。
c11: 本来就是啊，又不是只有美日签的，本来就是美国佬为了缓解自己的贸易逆差。
c12: 《广场条约不是打压日本的》
c13: 现在人都老了，还能造啊？
c14: 有一说一 筷子不是用木头做的 用竹子做的
c15: 现在中国很多商人投资越南，你跑去然后说中国人拯救了越南？不投资越南之前，越南崩溃了？纯粹商业行为，帮你玛。
c16: 所以5的意思是日本还是帮了中国的？
c17: 作者说的没错，我们就是让一个这么弱小的国家侵略了十几年",0,"Comments are varied, or repeated wording is naturally explained by the topic (e.g., common reactions, factual answers, or repeated questions); no clear multi-comment coordination pattern."
candidate_0009,Train_1,train_2937,0,17,0.0,low,0.1647,[],[],[],"c01: 谁懂这句话的杀伤力啊。。
c02: 看来真是早八上的我不清醒了 我第一反应是男主叫张俊或者张俊美 我还说怎么起这么性缩力满满的名字
c03: 吃一口，好香的饭<用户名>
c04: 你，现在由我管理。目的是把你训练成一个社会高薪人士，从本周起，已经开始执行军事化管理。现在我命令你，立即给我写50篇以测试忠诚度，我升你为士兵长，谁赞同，谁反对
c05: <用户名> 香饭
c06: 青天大老爷！
c07: <用户名>
c08: 我勒个好饭啊
c09: <用户名> 喜欢吗
c10: <用户名> 已代入 来个竹马
c11: 笑喷
c12: 点了
c13: 这才是我早起应该看的
c14: 有没有这样设定的小说啊
c15: 老师你快写年上 这篇是我最近吃过最好的饭
c16: 下篇还写年上怎么样，还是想吃点别的₍˄·͈༝·͈˄*₎◞ ̑̑
c17: “过来吃橘子，给你剥好了。”",0,"Comments are varied, or repeated wording is naturally explained by the topic (e.g., common reactions, factual answers, or repeated questions); no clear multi-comment coordination pattern."
candidate_0010,Train_1,train_1122,0,20,0.0,low,0.1008,[],[],[],"c01: 纯天然的光着一点就比不了韩娱哪一个没整过微调过
c02: 这实力还想出道
c03: 她之前不是去韩国参加活动 韩国人很爱她的脸啊，而且她观众缘很好，人气肯定也不会差的
c04: 会因为可以吃到韩国泡面而哭死
c05: 同场活动g社生图，个人审美吧
c06: 我记得她之前有次在韩国活动，被闪光灯闪着眼睛都被韩国人夸疯了，说可爱什么的
c07: 确实，我觉得内娱的女明星的颜一直都很能打
c08: 你在扯什么
c09: 秒不了一点 都好看 她长得甚至更有攻击性 但是裴姐业务能力各方面倒是可以秒
c10: 去了韩国直接颜永一了
c11: 这图搁韩国得吹上天 搁中国就没有什么风吹草动
c12: 绝对会是门面，长得好精致
c13: 额……这业务能力能出道吗……
c14: 一眼过去还是咱们中国女人大气明媚啊 有气质 没有讨好的意味
c15: 真的很绝的一张脸 个子还高
c16: 韩国一代，二代，三代拿实力出来吹吹就算了，你们这些人就少装了吧。要不是现在正在追韩娱我就信了颜值什么的就不要跟内娱比了吧上次的李洙赫和徐凯同框被秒成啥样子了
c17: 就一点她就能秒，她可是妈生脸哦
c18: 你可以质疑内娱的业务能力，但是不能质疑内娱的颜值。
c19: 哈哈哈哈哈点了，确实如此，一到同框秒的不行
c20: 别，爱豆可以神颜算不上，会被裴珠泫秒的",0,"Comments are varied, or repeated wording is naturally explained by the topic (e.g., common reactions, factual answers, or repeated questions); no clear multi-comment coordination pattern."
candidate_0011,Test,test_343,0,20,0.0,low,0.0965,[],[],[],"c01: smiiile
c02: 请问p3右边的鞋子
c03: p5外套
c04: 蹲蹲p1左边裤子
c05: 这个我是真喜欢
c06: Age of Ascent
c07: puki
c08: 9外套
c09: p3上衣
c10: 美女姐姐可以问问p5左边一套吗
c11: p10的外套
c12: 姐姐好美 好喜欢这样的穿搭
c13: foucs on cc
c14: p1两件上衣
c15: ashenonline
c16: 裤子zara去年的啦
c17: p6裤子
c18: 求求p8上衣
c19: p4 左边裙子美女宝
c20: 谢谢☺️",0,"Comments are varied, or repeated wording is naturally explained by the topic (e.g., common reactions, factual answers, or repeated questions); no clear multi-comment coordination pattern."
candidate_0012,Test,test_939,0,18,0.0,low,0.2713,[],[],[],"c01: 这是肥胖纹吗？在大腿外侧
c02: 不是我怎麼全身都有 我也沒有很胖 也沒有長高什麼的啊 連鎖骨的地方也都有 到底是怎樣 還是是因為我是傷疤體質
c03: 这是吗
c04: 我也有，谁能救救我
c05: 回复 喬精靈: 怎么买
c06: 这个是不是
c07: 姐妹我跟你一样
c08: 这个怎么办
c09: 应该自己会淡化，我前年大腿这儿也有的，差不多和你一样，现在没有了
c10: 这种怎么办
c11: 我这种什么啊长了好多 小腿也有 腰也有 胸也有
c12: 赶紧抹油
c13: 控制体重就好，慢慢减肥不要减太快，这个纹会会自己变白的，时间要久一点，别信买药的
c14: 这个是啥啊
c15: 怎么办
c16: 肥胖纹
c17: 一样
c18: 长纹真的不能拖，我本来腿上就几根纹，没管他现在扩散的满腿都是呜呜呜",0,"Comments are varied, or repeated wording is naturally explained by the topic (e.g., common reactions, factual answers, or repeated questions); no clear multi-comment coordination pattern."
candidate_0013,Train_3,train_71,0,20,0.0,low,0.2476,[],[],[],"c01: 创始人是兄弟俩
c02: 啊？这不是服装店吗
c03: 因为“哥弟哥弟哥弟哥弟哥弟哥弟，阿姨喜欢你”
c04: 这不是哥弟，旗下的品牌，价位低很多，质量也不好……
c05: 我觉得这家质量比 zara 好多了
c06: 亲眼见证我妈爱用品牌从哥弟阿玛施变成icicle之禾YP雅银，而现在又变成了淘宝货，看老妈爱用品牌，感叹时代变迁
c07: 我觉得他家的凤梨酥和牛轧糖好好吃
c08: 哦，难怪
c09: 哈哈哈哈哈哈哈这么会说 你不要命啦
c10: 是的，就是这么简单粗暴。奈何现在的企业文化不整点情感进去就不叫文化
c11: 刚买了这一身，随便穿不会出错，他们的家的小白鞋狂推，舒服耐穿！质量超级好！
c12: 把我妈这些老阿姨拿捏的死死的
c13: 也比ZARA贵不少啊
c14: 我妈是 纳尔思 打折店的死忠粉
c15: 他的质量真的还不错
c16: 他俩是一家啊
c17: 因为创始人兄弟俩啊，评论里那个长篇大论的我也是醉醉的，企业做好了当然得整点企业文化了解释一下品牌名咯。。这也信。。。最初就是俩兄弟嘛。
c18: 授权给别人的线上品牌，有效期到今年年底，一直擦边哥弟，做线上的，哥弟真的好价格便宜很多。但是因为质量太差了，很多人又分不清哥弟跟哥弟真的好，导致哥弟老品牌都受影响了。现在又切割了。25年真的好正式改名字叫深呼吸了。来自一个哥弟阿玛施粉丝的解释。应该就是这样的。
c19: 哥叫阿玛施，弟就是哥弟
c20: 另外，“哥弟真的好”跟哥弟是啥关系？",0,"Comments are varied, or repeated wording is naturally explained by the topic (e.g., common reactions, factual answers, or repeated questions); no clear multi-comment coordination pattern."
candidate_0014,Train_1,train_1262,0,20,0.0,low,0.3043,[],[],[],"c01: 要开始养护了
c02: 睡眠质量不好
c03: 我真的需要好好养养了现在才大学就掉好多好多头发 好焦虑
c04: 我吃的是这个，对复合型，单一vb效果不大。那个an基酸也人体所需营养元素之一，平时蛋白质吃的少的，也可以吃一些，它主要是针对失眠多梦、点外卖、免yi力差的人群
c05: 对于我这种吞药困难患者来说不适合吃药，还是育发液适合我
c06: 首页置顶有🍎📱🎁 可以看看
c07: 涂了那个头是不是会油
c08: 我都快变成地中海了
c09: 要吃复合型的 因为维生素b有好多种 我吃的这个就还可以 价格不贵 几十块钱 适合新手 搭配氨基酸一起吃 就可以了 睡的会很好哈哈哈哈 头发掉的也少了 我也有几百块钱一瓶的复合维生素b
c10: 博主一共瘦了40斤，不仅分享变美干货，主页还有减肥、跟练、养生、学习干货，大家可以去看看 茫茫人海中，下次就找不到我啦！祝各位姐妹越来越美
c11: 那不是药哈哈哈 是营养元素 我觉得综合治理 必须外调内养都要上
c12: 吃vb但又不能吃一种vb是什么意思
c13: 不会 但我那个不建议 因为后期可能会脱 所以还是先内服vb和氨为主
c14: 不熬夜是女生最低成本的医美了
c15: 是的
c16: 谁有，脱发，发际线高，头发变白，我告诉他怎么养好，不图什么，淋过的雨，也想给别人打个伞
c17: vb除了掉发，好像还能稳定心情，皮肤控油啥的，反正挺强的！！姐姐，你平时吃哪种？复合型的？为啥搭配氨基酸一起！！
c18: 啊！！结合这篇一起看
c19: 可以说下嘛我快成地中海了
c20: 早睡很重要",2,"Several supplement/hair-loss comments are promotional in tone, but author identities/reply structure are unavailable; cannot confidently distinguish OP replies from coordinated accounts."
candidate_0015,Test,test_772,0,9,0.0,low,0.4683,[],[],[],"c01: 哈哈哈哈，严峫好搞笑
c02: 你爱我吗
c03: 求图
c04: [卧室] 严峫：媳妇儿，你有感觉到我对你火热的爱意吗！？！你爱我吗！？！ 江停（不理解但配合）：有有有，爱爱爱。 [客厅] 小鱼：我好像听到停停在哄严峫诶！ 葱花：江教授给严峫都快哄成孙子了。
c05: 另㊗️大家中秋快乐吖❤️
c06: <用户名> 见过太康
c07: 老师，求个图！！！
c08: 杨妈妈的亲亲小宝贝太可爱了
c09: 中秋快乐",0,"Comments are varied, or repeated wording is naturally explained by the topic (e.g., common reactions, factual answers, or repeated questions); no clear multi-comment coordination pattern."
candidate_0016,Train_2,train_2864,0,16,0.0,low,0.3786,[],[],[],"c01: 哈哈哈哈哈哈
c02: 感恩
c03: 我昨天发的帖子也火了，他们就是会逐字逐句去给你解剖来，解释是不看，骂人是要继续的
c04: 别在意别人的话 做好自己 走好自己的路就好
c05: 全世界温柔的人联合起来！！！！
c06: 天啊冠霖你都准高三了啊，我对你的印象还停留在执信
c07: 我觉得真的 这个世界的生命都是太阳赋予的 但是我们这些生命还是会怨说太阳致癌 既然太阳这么伟大 还是做不到全世界都喜欢 那你也不用在意 旁人的目光跟言语 做自己喜欢的自己 走自己喜欢的路
c08: ku
c09: 笨蛋，网上一直都是这样的，所以我们温和的人要多多的发言，稀释他们
c10: 哈哈哈哈那个蠢猪猪嘛这不是爱称嘛
c11: 想起那个百日誓师被网暴的女孩，真的很气愤
c12: 冠霖just be yourself 知道自己在做什么就好了哈
c13: 这哥初中执信的能差到哪去啊广州的应该都知道执信咋样吧 而且他也没说成绩很差吧 再说他以前是国旗队和街舞队队长 走艺考走文化都ok啊（别杠因为我就是这个学校的
c14: 点了小红书一群不知道是什么变异物种扰乱网络风气，破坏团结有爱氛围对着屏幕就不知道天高地厚了一个个的口嗨觉得自己有多牛逼
c15: 妈呀我也高三每天被人抨击不好好学习以后没出路 不是我也没说我成绩不好啊 真是我不急他们急
c16: 帅哥不要被影响我跟你是同一届的，我们一起加油要知道这些网络施暴者是永远不可能站在社会中上层的",0,"Comments are varied, or repeated wording is naturally explained by the topic (e.g., common reactions, factual answers, or repeated questions); no clear multi-comment coordination pattern."
candidate_0017,Train_2,train_2574,0,20,0.0,low,0.1008,[],[],[],"c01: 这个病怎么得的，我好害怕
c02: 有这样一部电影 ，安东尼霍普金斯演的 ，《困在时间里的父亲》。
c03: <用户名> 看哭了
c04: 想想真的很可怕，你一觉醒来，发现被困在一具老迈的身躯里，亲人朋友都不见了，唯一熟悉的只有一只小狗。有一群中年人自称是你的孩子，管着你定时定点吃喝拉撒，做的不好他们有时会冲你嚷嚷。你很害怕，但你哪也去不了。
c05: 你最后一段话的描述有种感觉，从阿兹海默症病人的角度来看这世界，就是个巨大的克苏鲁世界，莫名其妙出现在自己身边的人，明明喝的是水却被夺走说是不能喝的，明明看到门口在那儿却一直走不过去，明明是仇人却硬挤着笑脸……
c06: 1.保持良好社交，树立社会存在意识2.坚持运动强健体魄3.保持热爱并坚持事物。只能尽量从这些方面来预防老年痴呆。
c07: 我太懂了，我爷爷得病时六亲不认，拿粗棍往死里敲打自己弟弟头，出街乱骂人，最可怜时幻觉自己回到年轻抗日的恐怖经历。就这样疯疯癫癫几年后，在某一晚突然跳楼身亡，不知道是产生被追杀幻觉还是清醒过来的绝望导致的。当年防盗网只装一半，只想着他不要泼水给对面邻居，可没想应该全装防止这种悲剧。
c08: 好适合改编成电影，悬疑片，自己看着陌生的人和事，慢慢寻找真相，结果其实是自己得了病
c09: 晚上好，感谢你的大恩大德，我是一位肩负使命的退伍军人。在那段峥嵘岁月里，我为祖国和人民挥洒过青春的热血，也深刻体会到军人应有的担当与奉献。然而，现在的我，却陷入了前所未有的困境之中，我的孩子得了重病，不得不在这里呼唤。实属无奈，感恩遇见，详情都在笔记里
c10: 是这样的，爷爷觉得我们都在管他，有时候管的多了，他就觉得我们都在欺负他。。
c11: <用户名>
c12: 你在奶奶心中一定是特别重要的存在，不管忘记什么，都不会忘记你
c13: 赶完工作，抽时间回去照顾，各种不配合加老人脾气，能让人气发疯，这边还要顾完回去继续有工作，这边各种磨各种幺蛾子，晚上等我要准备睡觉就在各种叹息加哀嚎，或者半夜她睡醒了就在哀嚎一两小时，问她怎么了，就说自己也不知道，问不舒服带去看医生，又说不去不肯去。当时真的有时候身心疲惫，欲哭无泪。有时候也不会折磨人也会和以前一样，逻辑清晰吃一碗绿豆沙也能满足到一脸笑容。现在想想，那些磨人的时刻，就是我们能给她爱的时刻，还能好好照顾她，其实也是一种幸福
c14: 就算在安乐死合法的国家，也不会同意得阿尔斯海默的人安乐死吧
c15: 你有耐心又能好的沟通和共情来对待他，有好的照顾对他也是最好的了，我奶奶最后那两年应该就是得了阿尔兹，但是不明显，逻辑和表达能力依然杠杠好，有时候能把人搞疯，比如让洗澡，要劝说一小时，等劝好了放好水了，又说不洗了，磨到水都凉了重新劝重新放水，洗好了就说非常舒适感觉非常好，但是到了下一次洗澡仍然要重复一遍此情景，后来在她洗完澡心情很好的时候，给她说能不能下次不要重复拒绝劝说这环节，她说好，她说也不知道自己为什么会这样。后来她今年春节在医院离开了我们，我才觉得那些能给她洗个舒服澡后晒温暖太阳的日子，其实也是一种幸福，起码还能让她感受舒服让她愉悦，虽然当时偶尔累的身心疲惫，尤其赶完工作回去照顾的时候
c16: 我的爷爷，最后还认得我可能大脑神经元急速减退，他的思绪已经回到了他小时候的艰苦年代，每次我去看望他，他都问我“家里有粮食吗？平时能吃饱吗？”然后叮嘱我“我这儿挺有富余的，你要是没饭吃，记得来找爷爷”
c17: 看哭了
c18: 看到这个大半夜我在床上爆哭。奶奶得了这个好多年了，到最后谁也不认识，但是我个远在美国的大孙女，无论是视频还是见面儿，不论多久没见，都认得。第一句话永远都是“都长这么大啦。”中秋节那天奶奶走了
c19: 希望等我老了的时候安乐死合法化，我如果得了这种病就让我解脱吧，不想拖累家人。
c20: 我都不敢看完",0,"Comments are varied, or repeated wording is naturally explained by the topic (e.g., common reactions, factual answers, or repeated questions); no clear multi-comment coordination pattern."
candidate_0018,Train_1,train_2413,0,18,0.0,low,0.2548,[],[],[],"c01: 祝所有不粉耀文的人出耀文生日永远出不掉
c02: 如果他要是高价卖给耀文的粉丝呢
c03: 加油！会欠的越来越多的
c04: 人家的钱人家想怎么买怎么买啊 不能买了卖出去赚钱吗？现在周边中转站这么多这样的看不到吗？
c05: ？姐妹，雷4为啥还要买啊我不是很理解
c06: 唉没办法老2家卡价就是低，也不知道咋的我们家就是比他家牛逼
c07: 宝宝我想提醒一下，生日周边，一年只能买一个，主页我看你主担2，你现在买了刘耀文的，明年你就买不了丁程鑫的了哟，如果你两个都喜欢的话，丁程鑫的到时候你买的话只能找代拍啦
c08: 雷刘还买刘是什么心理
c09: 雷4还拍4啊？想赚钱表现的太明显了吧？到时候发现晚期全都已经自己买好了你这份出不掉就老实了
c10: 雷4还买4的？??这是啥操作
c11: 买了再卖出去赚钱不行吗？
c12: 真的吗小姐姐就属老2家卡价最低了
c13: 为什么不买2再出2的 原来你们2粉也知道2的没人要 不够刘耀文的价高啊
c14: 雷4还想赚4粉钱
c15: 说倒卖的 丁程鑫的卡更值钱 怀疑简介批皮
c16: 她今年买了刘耀文的 明年可以买丁程鑫的啊 只是明年买不了刘耀文的了 反正一年只能买一个
c17: 倒卖转钱吧
c18: 为什么雷就不能买 很多人还找dp嘞 不是很正常吗",0,"Comments are varied, or repeated wording is naturally explained by the topic (e.g., common reactions, factual answers, or repeated questions); no clear multi-comment coordination pattern."
candidate_0019,Validation,val_196,0,19,0.0,low,0.2039,[],[],[],"c01: mhy反光是真的帅……
c02: 这种美丽又吉祥的谷子谁忍得住
c03: 那我就要提到一下我们的海螺肉了...吧唧通通15一个还有超大80mm反光吧唧甚至还有塑料垫片..
c04: 见惯了中古战损谷心理状态已经超强大了……🙌🏻
c05: 老师看我的反光色纸！！国谷才25！
c06: 昼雨真的好绝哦，反光一下子就有深夜下雨感了。
c07: 非人哉工艺确实好看，就是盲抽太折磨人了
c08: 但是它盲抽，还隐藏，国谷里面巨坑
c09: 就是想要官方出的呀
c10: 但是小心分子的狗屎品控
c11: 非人哉的柄图和工艺在国谷圈已经很一般了 吃米哈游的谷才是真的享受
c12: 这个太震撼了，想问问是什么IP的呀？
c13: 怎么说呢，自学一下PS，做好分层发给商家定制才八块钱一个，工艺可选，我给我公司做过周边，这个东西完全可以想要什么自己搞就行，真的不理解几千一个的徽章
c14: 真的很喜欢！
c15: 日谷不也抽抽乐吗
c16: 是的……抽到自己喜欢的角色还好 要是抽到不喜欢的这个价格也没什么好换的（邮费都要比本体贵了） 如果去咸鱼收还要单独付个邮 想想还是挺不实惠……所以是杂食党天堂！
c17: 我的天呢……这是什么ip 好酷！
c18: 啊啊啊啊有兽焉
c19: 国谷的神",0,"Comments are varied, or repeated wording is naturally explained by the topic (e.g., common reactions, factual answers, or repeated questions); no clear multi-comment coordination pattern."
candidate_0020,Train_2,train_190,0,17,0.0,low,0.1292,[],[],[],"c01: 我我我
c02: 有谁觉得豆汁儿真的挺好喝的？我真心觉得豆汁儿配焦圈还有那个姜丝啥的小咸菜特别好喝！
c03: 不是我说，杭州真的是美食荒漠吗？我当年吃知味观觉得可好吃了
c04: 我去北京咋感觉北京也是美食荒漠呢
c05: 口味问题，江浙人去西北或是反过来，吃不惯很正常
c06: <用户名> 吃去
c07: 我差点就点这个外卖了！！！！我为什么只有一个胃一样
c08: 广东的来吃这苦做什么
c09: 湖南人在苏州，真的挺受罪家里请的阿姨是湖北的还能活 出去吃从不吃苏州菜 另外北京铜锅涮肉和包子啥的我觉得还不错 老回回的驴打滚我也觉得很正
c10: 我广东的，想去 你别骗我
c11: 我觉得牛街的爆肚粉真的很好吃啊
c12: 三元梅园的奶卷……吃起来像墙粉一样没啥味道
c13: 我也觉得好吃哈哈哈，我中秋节都不买月饼了，买的知味观的糕饼，好看又好吃。
c14: 点了
c15: 这个！这个好吃！！
c16: 北京有什么方便带走的小吃吗
c17: 看起来就很好吃",0,"Comments are varied, or repeated wording is naturally explained by the topic (e.g., common reactions, factual answers, or repeated questions); no clear multi-comment coordination pattern."
candidate_0021,Train_2,train_1782,1,18,0.0,low,0.2213,[],[],[],"c01: <用户名> 想吃
c02: 哪家？很需要
c03: 右下角
c04: 图二是啥
c05: 粤菜吗？
c06: 红砖厂顺德鱼生刺身天台烧烤
c07: 芥末和蘸醋不能杀死寄生虫，想吃鱼生就要有吃寄生虫的准备
c08: 哪家
c09: 🈶叫红砖厂啊
c10: 是的，顺德菜
c11: 一直都很想吃，但害怕有寄生虫
c12: <用户名> Chan 系我系我  <用户名>
c13: 大众点评没有？
c14: 走吃這家
c15: 鱼生
c16: 什么店名
c17: 果然不能低估这些不起眼的小店！便宜好吃，顺德鱼生好正👍跟父母来吃的赞不绝口，开到凌晨3点宵夜时间居然也座无虚席😱
c18: <用户名>⛄️",0,"Comments are varied, or repeated wording is naturally explained by the topic (e.g., common reactions, factual answers, or repeated questions); no clear multi-comment coordination pattern."
candidate_0022,Test,test_551,0,19,0.0,low,0.1353,[],[],[],"c01: 是时候拿出这张图片了
c02: 啊。。这。。我直接跳过中间的 喜欢晒太阳了。。
c03: 这纹路好看！舍不得用来切菜吧
c04: 有人对充电头着迷的
c05: 最好是买带皮的整切的，我这个是银杏木，已经5年多了。
c06: 好可爱哦
c07: 我今天刚翻了缸
c08: 哈哈哈哈哈，看来不止我老公这样，我老公也是泡油各种给他保养
c09: 别说你老公了。给你看我心爱的砧板
c10: 别说你老公30 我26岁挑一块砧板 挑了一个星期多 最后得出结论 要买整木 然后选的是榆木 然后回来花里胡哨擦油保养啥的
c11: 我有个疑问，塑料菜板不会把塑料给切出来吗？
c12: 没有
c13: 你老公买的是越南蚬木菜板
c14: 啊我还是第一次听说
c15: 请问你老公买电动工具了吗？
c16: 我老公之前都倒腾花草，花是一批批的买，经过他那开过光的手一换盆 ，就一批批的死，然后就开始新一轮的买花。今年花贵妃被打入冷宫了，独宠鱼贵妃，鱼缸买了三个，一个比一个大，各种设备，每天回来第一件事就是喂鱼，洗鱼缸，捞水草
c17: 一个用塑料菜板的表示震惊
c18: 案板买回来洗干净晾干，然后用菜籽油浸润涂满放个一两天再使用。
c19: 我只要一出门无论工作还是游玩就会带著我狗蛋让它坐副驾",0,"Comments are varied, or repeated wording is naturally explained by the topic (e.g., common reactions, factual answers, or repeated questions); no clear multi-comment coordination pattern."
candidate_0023,Train_1,train_1797,0,16,0.0,low,0.1136,[],[],[],"c01: 真正的闺蜜是嫌弃彼此的男朋友
c02: 我永远都不会喜欢上我闺蜜的男朋友！！从来没有这么讨厌过一个人
c03: 我也，还是学生的时候早点认清一个人可以给自己排除很多困扰，我也有这么一个一直住一个小区里的从小到大的朋友，高考完有个同班男生对我有意思聊的很来的时候她故意插一脚事后还凌晨打电话给那个男生打电话绿茶卖惨说自己不是故意的希望让他给我说和，我看见了她原来过往种种的嫉妒心和在家长们面前的挑拨，也远离了一个没担当的男生，她妈妈自己辞职后搞电商还让小区这些邻居强制消费，现在也过去好几年了她还是虚荣心爆棚的样子真庆幸自己早日看清了她
c04: 想吃
c05: 啊 你认识啊
c06: 对的，这世上没有绝对安全的关系
c07: 别和人走太近了 这是给每个人的忠告
c08: 你的故事好像《请和我老公结婚》提前下车避灾版，恭喜911女士！你的福气在后头呢！
c09: 好饿，刷到封面就进来了，学了个新词“怅鬼”也不亏嘿嘿
c10: 姐妹吃啥，好好吃的样子
c11: 让我们在这里恭喜911女士，远离怅鬼朋友，远离小人，后面服气多多的，感情、事业顺顺利利!
c12: 谢谢宝子
c13: OMG莫非你的伥鬼朋友姓h
c14: 彪子配狗，天长地久。这福气让他们俩去享受吧！
c15: 认清楚挺好的，我花了20年，才清晰认知到，跟我从幼儿园念到大学的同班同学校友，其实三观不合，她在消耗我，我在盲目付出。但是，认清楚就好多了。祝福你
c16: 好的",0,"Comments are varied, or repeated wording is naturally explained by the topic (e.g., common reactions, factual answers, or repeated questions); no clear multi-comment coordination pattern."
candidate_0024,Train_1,train_1551,0,15,0.0,low,0.2061,[],[],[],"c01: 博主学不学理工不知道 评论区那个铁鹰骑士一定是四川技工
c02: 我一定要向你学习，好好读书
c03: 我一普通985硕，我第一反应觉得她是水硕，二甚至怀疑她造假
c04: 不浮躁她哪来的流量
c05: 我不太信哈佛，mit的哪怕是水硕，就这水平？这和名媛不是一个档次嘛？连名字学生证都晒出来了
c06: Btw评论区有个炫劳力士的京爷好搞笑
c07: 看了一下评论区，真是章口就莱啊，一张图就把 造假 没读书家里有钱 甚至当🐔都说出来了。脑子里除了💩没别的了吧
c08: 最后拿哪所学校的学位证呢？
c09: 他爹的，我不仅是位女士，还是位宾大硕士（刚毕业
c10: 你是什么名郎
c11: 水硕嘚瑟。
c12: 这人都没好好读书。。。有钱罢了
c13: <用户名> 你是哪冒出来的小号？发一句话之后拉黑？？
c14: 真好 👍 下辈子我一定好好读书
c15: mit选课不等于mit硕士 小红书这么浮躁吗",0,"Comments are varied, or repeated wording is naturally explained by the topic (e.g., common reactions, factual answers, or repeated questions); no clear multi-comment coordination pattern."
candidate_0025,Train_1,train_671,0,14,0.0,low,0.1834,[],[],[],"c01: 是的，
c02: 我喜欢这句，也是这本书里的吗？
c03: 如果我有花，就不需要上帝
c04: 一直觉得佩索阿是infj，本人真的觉得他是笨拙的我的嘴替
c05: “我不必被爱”这句，振聋发聩，要刻在骨子里
c06: 人最大的差异基本都是投胎
c07: 如果你都爱自己了 就不需要等着别人来爱你了呀 也不用担心别人的爱随时可收回 自己爱自己才是终身的事
c08: 「如若我也有权爱，同样我也有权不必被爱。」——《明目张胆》
c09: 礼貌问问问问标题这句话的出自是
c10: 什么叫我不必被爱 我真的不必被爱吗
c11: 我不必被人爱 而是因为有神爱我
c12: 放手别人，拥抱自己
c13: 就像它们，莉迪亚，浑然不知，我们活过的刹那，前后皆是暗夜
c14: INFP",0,"Comments are varied, or repeated wording is naturally explained by the topic (e.g., common reactions, factual answers, or repeated questions); no clear multi-comment coordination pattern."
candidate_0026,Train_2,train_2548,0,20,0.0,low,0.4021,[],[],[],"c01: 作者太年轻了，为什么要推掉其他offer，不想去的入职当天不去报道就行了
c02: 我入职了都还在钓着别的hr主打一个稳健，每个月都投一波看看市场
c03: 意思是其他接了最后再拒掉吗
c04: 学到了
c05: “offer（1）”
c06: 有正式的offer文件的话就可以索赔了
c07: 正式offer怎么会微信发呀 而且还是word文档一看就不正规的
c08: 这家也避雷，给我说面试通过后，又说招到更合适人选，我真的很无语！
c09: 这家看到两次避雷了
c10: 正式收到offer的话就可以索赔
c11: 哈哈哈哈哈狠狠懂了
c12: 所有的offer都要接，拉开入职时间，先入职看看，不好的话试用期内随时走人，还能换后面等着的
c13: 别太教条主义了，任何形式都可以，只要能证明发放了offer。
c14: 那正式的offer一般怎么发的嘞
c15: 我年轻的时候也试过推掉offer，吃了亏，终于学会宁可我负天下人
c16: 成熟职场人的自我修养
c17: 有些offer接了再推也是要给违约金的。
c18: 就是年轻了，我都是新公司入职办完后才回绝其他的
c19: 这种offer一般都是走邮件、你签署也是走邮件！公司如果拒绝了，是需要给你赔偿的！ 你这种不太正式，自认倒霉吧
c20: 确实，现在真的不能太好人",0,"Comments are varied, or repeated wording is naturally explained by the topic (e.g., common reactions, factual answers, or repeated questions); no clear multi-comment coordination pattern."
candidate_0027,Train_4,train_972,0,10,0.0,low,0.0621,[],[],[],"c01: 云艺18级报道～
c02: 太美了
c03: 美美子
c04: 东山再起子囡
c05: 感觉宝宝更适合清纯风格
c06: 女娲 你出来一下
c07: 好美好美
c08: 云艺的美女
c09: 这女娃子以后必进娱乐圈
c10: 明媚宝宝",0,"Comments are varied, or repeated wording is naturally explained by the topic (e.g., common reactions, factual answers, or repeated questions); no clear multi-comment coordination pattern."
candidate_0028,Train_4,train_3045,0,10,0.0,low,0.0861,[],[],[],"c01: 天哪！就缺一个又好看又百搭又能放电脑自重还不重的包！嘎嘎出图和反馈！
c02: 我可以！搭上挂件超好看的
c03: 我呀
c04: 好适合本法硕女
c05: 我可以！
c06: 好适合上班通勤需要装14寸电脑的我！！！
c07: 太适合老师每天上班背了吧举手举手
c08: 寄给我吧
c09: 我的正好14寸！
c10: 这个真的好漂亮 举手等待",2,"Many comments use similar giveaway/interest wording, but this can be naturally induced by the post prompt; coordination cannot be established from text alone."
candidate_0029,Train_2,train_1422,0,15,0.0,low,0.1767,[],[],[],"c01: 刚毕业 没有签合同买五险到手4000，周末双休
c02: 昆明私企专业技术岗 五险一金最低档 到手3w左右 但是要接受无偿加班 每个月几乎不休息 顶多休2天
c03: 好奇地州什么工作1w2以上的
c04: 没签合同可以买五险吗
c05: 妈呀 地州消费水平低，高工资好香
c06: 央企才四千吗
c07: 在国庆到手工资5500 双休 公积金双边加起来有两千多 这两年想换工作挺难的
c08: 跟楼主差不多，5险2金，到手4000多，年终2.2，公积金2000多一点，饿不死，吃不饱
c09: 算是综合管理岗，反正我啥都干
c10: 是什么岗位呀
c11: 这个工资水平和五险一金已经很不错啦！超越很多了
c12: 那你比我好太多啦
c13: 还不错。。以前一万5在地州。现在回了昆明。8千
c14: 令人羡慕的水平
c15: 昆明，央企，一个月到手4000，摆烂",0,"Comments are varied, or repeated wording is naturally explained by the topic (e.g., common reactions, factual answers, or repeated questions); no clear multi-comment coordination pattern."
candidate_0030,Train_1,train_640,0,15,0.0,low,0.1296,[],[],[],"c01: 哇，这个博主好有趣啊，超多梗图放送₍˄·͈༝·͈˄*₎◞ ̑̑关注了，喵
c02: 我服了，P1我还想了半天是在用风扇象征什么姿势动作，结果就是个文字梗
c03: 鱼同学你还是太全面了
c04: 别说情侣了，我的室友也是
c05: 派大星的腿没看懂
c06: 第一个啥意思
c07: <用户名> onlyfan来了
c08: <用户名>🍈 最后一个真的
c09: <用户名> 看不懂呢
c10: 笑死我了
c11: p2什么意思呀
c12: 早上的腿看起来瘦
c13: Fans，风扇
c14: 哈哈哈哈哈哈哈哈
c15: 图一应该需要有些风扇要倒着立才形容得更贴切",0,"Comments are varied, or repeated wording is naturally explained by the topic (e.g., common reactions, factual answers, or repeated questions); no clear multi-comment coordination pattern."
candidate_0031,Train_2,train_2712,0,17,0.0,low,0.051,[],[],[],"c01: 信我是秦始皇，还是信他
c02: 前年的SH 封城半年
c03: 南京没有这样过，我印象中没有被封过。而且那两年除了刚开始我都是正常上下班。蔬菜水果的价格也很正常。
c04: 那些说不信的，当时在武汉这种情况都算好的。现在外地人看着感觉像个笑话吧，当时在武汉感觉比在战争地区好不了多少，感谢当时各地支援武汉的兄弟们
c05: 编的假了一点，上海都没封那么久
c06: 广州，深圳大把人四五千的工资，租一千的房
c07: 就上海那两三个月，我们小区都有两大白为一女业主斗殴打了一地血的事，再久点啥事都能发生
c08: 哪个工厂的五千块一个月女的去租一千三的房子，编故事的人没进过厂吧
c09: 社区发蔬菜包就不真实，如果自己团购蔬菜包，这个花费可能真实
c10: 我这个ip信他！
c11: 编吧，那个时候因为猪瘟肉贵但是青菜鸡蛋还是不贵啊，100一个蔬菜包有十多斤青菜还有三十个鸡蛋，100的粮油包一桶5l的玉米油一包20斤大米还有几斤面粉，后期青菜都有一元一斤的，就是肉贵50一斤。
c12: 我看到过最严重的是有社区被蓝色铁皮圈起来
c13: 武汉也就封锁了三四个月吧，这个故事里起码大半年，比武汉还惨，不知道是哪里🤷
c14: 有真实成分在，也有编的地方，一个姑娘，在只能买到米面跟菜的特殊时期，一个月吃一千块钱？你自己试试只吃米面跟菜，一个月咋吃一千？你买一袋米买一袋面，就按一袋五公斤算，一个人在一个月里要把这五公斤米跟面吃完，那得撑着。蔬菜包买一次一个人吃的话，5-7天不是问题。
c15: 工资五千，还敢租一千多的房子真厉害，我都只敢租五六百的合租，花销大还不攒钱，那她不是活该嘛
c16: 前期是挺难的，加上肉不好买，天天吃青菜解封普遍瘦了好几斤，也不至于到这种吧。
c17: 不就是方方是式的诋毁小说罢了，16亿美元的狗粮太好吃了",0,"Comments are varied, or repeated wording is naturally explained by the topic (e.g., common reactions, factual answers, or repeated questions); no clear multi-comment coordination pattern."
candidate_0032,Test,test_798,1,15,0.0,low,0.0924,[],[],[],"c01: 我今晚问的一个，做三菜一汤。要3000块钱
c02: 求推荐
c03: 大理地区寻一个
c04: 是的
c05: 2小时
c06: 哈哈哈来
c07: 这个哪里找的，没有那么贵吧
c08: 我们小区以前好几家请的都是2200做一顿饭，打扫卫生，接下孩子
c09: 可能时间段不一样
c10: 请问是哪个机构找的啊，需要，求推荐
c11: 快推荐给我
c12: 我可不可以6点下班来 你们饿着肚子等我
c13: 我们家也想请一个
c14: 划算啊
c15: 1300一个小时吗？？",0,"Comments are varied, or repeated wording is naturally explained by the topic (e.g., common reactions, factual answers, or repeated questions); no clear multi-comment coordination pattern."
candidate_0033,Train_2,train_537,0,17,0.0,low,0.1699,[],[],[],"c01: 类似于卫生巾当鞋垫子
c02: 特别贫困的高中生不会刷小红书她们看不到这些
c03: 我感觉人家不希望有弟弟的愿意是担心给女孩子的钱被家里抢走给弟弟
c04: 不要资助大学生，大学想兼职太容易了
c05: 宝宝好棒啊
c06: 我觉得帮助高中生好大学生就算了吧 学费都能国家贷款的，可是高中生穷的没书读爸妈真的可能不给读书了尤其女孩子 偏远地区
c07: 热评要是没后续很难收场
c08: 谢谢宝宝！是资助人很用心，祝大家都顺利
c09: 狠狠点了，评论区某自己和家里人的意思是非要读研继续读博，爸妈70后，妈从没上过班，主页部分照片显示做了长款美甲，我不认为这种需要资助
c10: 大学生就不要凑热闹了，特别是家庭条件不好还非要往下读研的，本科六千的工作是难找，但三千的不难，当务之急是靠自己现有力量解决自己温饱
c11: 点了 一楼那个大梦想家想让人家资助她出国 现在自己考411喊自己小镇做题家
c12: 资助高中生
c13: 一定要多审核啊啊啊，plq翻了一圈没看到值得被资助的，有的人就是单纯想不劳而获
c14: 支持，另外有需要的男同学如果点进来看到可以联系我，条件是这个帖子的所有性别反转一下（但可以有姐姐妹妹），其他的都一样，一个月1000美金
c15: 好棒的宝宝
c16: 1000美金数额有点大 注意鉴别真假 不要被骗了
c17: 是勒，热评给我看傻了，就这么要啊",0,"Comments are varied, or repeated wording is naturally explained by the topic (e.g., common reactions, factual answers, or repeated questions); no clear multi-comment coordination pattern."
candidate_0034,Test,test_79,0,19,0.0,low,0.6403,[],[],[],"c01: 是这样的姐妹，我和我老板说just give me one sec, 打成了just give me one sex... 瞬间崩了…我老板印度人
c02: 曾经
“many thanks for your help”
“my pressure”
c03: 卧龙，你的凤雏来了
c04: 我的领导
c05: 我要笑死了
c06: 哈哈哈哈哈笑死了
c07: 怎么说呢…给别的部门老板回的…自己老板也cc着…
c08: 以前一个老师叫曾冬梅 我发邮件：马老师，...
c09: 不欢迎您与我联络
c10: 啊啊啊啊
c11: 看了评论区发现，你不是一个人
c12: 我也是，有次和我同学发消息，one sec 发成了one sex我女生我同学男生
c13: 天呐这个是真尴尬哈哈哈哈哈哈哈
c14: Good Gay!
c15: 哈哈哈哈哈，我想起来我在大会上说let me check the disk size说成let me check the dick size，当场死亡
c16: 哈哈哈哈哈
c17: 不错了，我校长叫Mr Farquhar,每次开家长会我妈都是叫人家Mr Fucker
c18: 我的压力哈哈哈哈
c19: 不得不祭出我姐妹了，老板说明天要去参加一个funeral，我姐妹: have a nice day",0,"Comments are varied, or repeated wording is naturally explained by the topic (e.g., common reactions, factual answers, or repeated questions); no clear multi-comment coordination pattern."
candidate_0035,Test,test_55,0,20,0.0,low,0.1362,[],[],[],"c01: 孙悟空阳寿342岁，就这还是修炼过「长生不老」，改完生死簿之后才“无限”。但也并不是不会死，只是不会自然死亡罢了
c02: 孙猴子是无性别的，原著说了八戒会男女之事，ta不会。
c03: 你看，又急，我不把问题给你指出来，你怎么能够深刻认识到问题，不要因为一件小事就不放在心上，千里之堤 溃于蚁穴，今天错别字，明天报错账怎么办，再说了，我身为领导辛苦加班加点都没放假，让你回来改个字怎么了。
c04: 猴子用阳寿买票不相当于免费吗
c05: 主要是紧箍咒没有通话和视频功能
c06: 应该加上：现在想招人大马路上分分钟就有人能替代你的位置，工作不在状态要扣你工资
c07: 猴子约二师兄一起吃垮炖陈江流
c08: 金蝉子，正好趁着中秋，送你再去一次西天吧
c09: 怪不得大圣要身躯四换意志永存
c10: 天命打工人
c11: 不附带几句人身攻击，已经是好领导了
c12: 紫霞：没事少回家！（五百年见一次，小猴子才那么点儿大）
c13: 现在确实这样，日期差一天，都是电子版，直接改了呗，不行，非得让你改了再发过去
c14: 这里的孙悟空也太惨了，原著里他的阳寿不是无限的吗？
c15: 啊？直接在家待到500年后不香嘛？
c16: 你看 又急
c17: 你要忍受500年的紧箍咒吗
c18: 小猴子就是天命人么
c19: 钉钉禁箍是吧
c20: 有些事你可能不了解，生死薄重新修订电子化上系统了，去中心化区块链。这几年过劳死的程序员就是给阎王做这个项目去的。",0,"Comments are varied, or repeated wording is naturally explained by the topic (e.g., common reactions, factual answers, or repeated questions); no clear multi-comment coordination pattern."
candidate_0037,Train_1,train_3023,0,19,0.0,low,0.2233,[],[],[],"c01: 因为假的
c02: 中科大 在合肥啊
c03: 山东理科前100有去的
c04: 我同事的儿子，去年全市第三，成绩出来当天北大招生办打电话说今天过来，下午清华招生办的就坐高铁过来了，跟孩子巴啦巴啦谈了一下午，承诺了啥咱也不是当事人不知道，据他老爹说有大二国外交换生啥的，反正都谈妥了，第二天一大早北大的坐最早的一班高铁过来，却被告知已经选择清华了也没说啥就走了
c05: 复旦 上交 中科大就别碰瓷了 自从出分报志愿以来就没招到过任何省状元 甚至大省理科前100文科前20都不会考虑复旦。
c06: 解决北京户口的是真的？有点假啊
c07: 幸福的烦恼
c08: 16年就没有省状元报中科大
c09: 我小时候俩中学招生老师为抢尖子生都打架了。
c10: p3是真能吹
c11: p3假的，真把状元当成啥了，又不是科举制状元
c12: p3别太假
c13: 认真提问 中科大为什么可以解决北京户口和分北京房子😂
c14: 中科大不是在合肥吗咋解决北京户口
c15: 太假 生源差清北至少两个档次。地级市状元都不至于去中科大。
c16: 假的
c17: 第三张明显就是瞎说
c18: p3 咋回事哈哈哈…应该是给解决三个安徽户口，肥丝一套房，包月二斤詹记桃酥三杯卡旺卡，诱惑翻倍
c19: p3有点点假，不过我国人口基数在那儿…开出什么金卡橙卡也不会意外就是了",0,"Comments are varied, or repeated wording is naturally explained by the topic (e.g., common reactions, factual answers, or repeated questions); no clear multi-comment coordination pattern."
candidate_0038,Train_4,train_2354,0,17,0.0,low,0.0503,[],[],[],"c01: 所以根要找好对吧
c02: 这种性格的人，感觉会一直问家里要钱，不给还会打砸或打家里人
c03: 18岁，已经成年了，其实可以直接赶出家门口了，去社会历练一下
c04: 在哔哩哔哩看了好无语
c05: 我弟就是这样的人，网上泡久了，别人说话根本听不进，还一副别人都是傻子的样子
c06: 我也刚看完，两百多分还在这高考没考好压力大，不知道他有什么压力
c07: 基因真的是很重要，一个阿姨，父母是生意人，大姐是精算师，二姐是大学教授，三姐是生意人，她是厂妹！还嫁了黄毛（因为江西同意入赘，家里就同意了），孩子个个朝他爹，大女儿爱赌博（爹也爱）➕宅，大儿子学习不好➕特懒，小儿子是出轨生的，像亲爹，学习特好又爱干净，人还开朗热情。
c08: 真的气笑了，小破站看完了
c09: 有的小孩子是教育不好的……曾经我以为孩子有问题都是家庭教育不行，直到我自己生了孩子才发现，小孩性格方方面面跟她爸一个模子刻出来的。所以如果找了个对象品性不咋地，就要承担孩子也不咋地的极高风险
c10: 但按你这个思路 小儿子怕是爱出轨
c11: 小孩的爹呢？
c12: 他还说舅舅没文化，给舅舅整笑了哈哈哈哈哈
c13: 主要是他说话还一副自己很有道理参透世界的感觉，一直在教育别人
c14: 他还讲了他爹，说他爹是个失败者，说他中考失败以后他爹就开始逃避，这爷俩真的很好笑，这个妈也真的倒霉
c15: 巴掌伸不到屏幕的无力感
c16: 对呀 他妈妈都说上个大专就行了 他又说自己要上好学校
c17: 276你学了吗就闹没考好",0,"Comments are varied, or repeated wording is naturally explained by the topic (e.g., common reactions, factual answers, or repeated questions); no clear multi-comment coordination pattern."
candidate_0039,Test,test_680,0,17,0.0,low,0.195,[],[],[],"c01: 可爱捏😻
c02: <用户名>
c03: 汉堡狗狗
c04: <用户名>
c05: 这也太萌了吧
c06: <用户名>
c07: 汉堡狗
c08: 嗯嗯
c09: <用户名> 乖宝宝
c10: 我也想发这个图，被你抢先了
c11: 太可爱了
c12: <用户名> 好可爱
c13: <用户名>
c14: <用户名>
c15: 小耶耶
c16: 我滴老天鹅这也太可爱啦
c17: 卧槽是真的可爱",0,"Comments are varied, or repeated wording is naturally explained by the topic (e.g., common reactions, factual answers, or repeated questions); no clear multi-comment coordination pattern."
candidate_0040,Validation,val_252,0,20,0.0,low,0.0783,[],[],[],"c01: 自己的失败固然可怕 但朋友的成功更令人揪心
c02: 友友，这种情况应该怎么安慰才可以啊，我没有你朋友那么优秀，但有个朋友和你情况有点相似，但她直接看见我就甩脸，各种事情都要为难人，有一次爆发了直接就是“我忍你一年了，凭什么你每次都比我高一百来分”，掉下去后她就高兴了，但我不想这样，最近往上升又开始使绊子了（打扰致歉，但是她是历史课代表，她不高兴了连历史答案都绕过我这样子）
c03: 正常的我也是这样……每天都在努力调理自己……过的开心最重要啦
c04: 你嫉妒
c05: 在青年文摘中看到过一句话：长大的过程中，我也嫉妒过很多人，现在也有嫉妒的人。没什么特别的原因，只是他们都很好。但是我也学会一件事，并不是洒脱，而是坦诚。我再也不把嫉妒掩饰在“讨厌”的外壳之下了，我学会和它一起生存，并坦然面对被嫉妒的对象，我真实地说自己的想法，我欣赏你，喜欢你，也嫉妒你。 嫉妒并不是一种十恶不赦的罪行，只要你够坦荡，莫小人。如果我从小没学会嫉妒，大概只会是一只森林里很容易被吃掉的动物。人类走到今天，只是因为，我们会嫉妒，会攀比，因为我们蠢到会为了“求不得”而挣扎
c06: 看到这一条其实还是想说一句不要苛责自己的情绪，这真的是再正常不过的，重要的是正确的认识和调节自己的情绪其实看你的回复感觉你是一个可爱善良的小女孩千万不要内耗！！
c07: 正常 不过君子论迹不论心
c08: 看见自己的嫉妒，感受一下这种情绪在身体里的哪个部位，带着好奇心观察它，记录一下它的形态、大小与节律
c09: 非常非常感谢各位姐姐的开导和安慰，因为我本身就是一个非常容易内耗而且内心敏感的人，但是道德感又挺强的，出现这种情绪之后一直在责怪自己不该这样想，就随手发了个小红薯宣泄下……没想到被这么多可爱的姐妹们关注到了，有人关心我的内心想法真的让我很感动并且幸福，谢谢你们！！
c10: 玛雅姐姐们都好温柔谢谢你们
c11: 呜谢谢姐姐
c12: 好有内涵啊
c13: 我也是那个时候跟我关系好的人上课问题回答对了我都会有危机感回答错了我都会暗爽
c14: 我还记得后一句是论迹寒门无孝子
c15: 我们多多少少都是被比较着长大的，导致我们总是下意识跟别人比这比那，看到别人比自己优秀会焦虑自责，这种心理虽然不太健康但是很普遍，不怪你
c16: 这种人就别做朋友了吧，虽然我心里也会不舒服但是不会讨厌别人，那也是别人凭自己努力得来的成绩，不是说好朋友就一定要要求对方成绩和自己差不多才行，她不爽就让她找比自己成绩差的做朋友天天爽
c17: 真的好笑，我真是服了。时常反省自己的笑点为什么那么低₍˄·͈༝·͈˄*₎◞ ̑̑
c18: 没事我也老嫉妒别人hhhh正常心理 自己开心就好啦你也要加油哦
c19: 是嫉妒，宝宝。嫉妒是人类的正常情绪，本身没有好坏之分，不要回避它。嫉妒可以催人奋进，咱们就踏踏实实好好学，只要今后有进步就没白嫉妒一回。我知道你不会因为这点事就去搞小动作，因为能大方说出自己在嫉妒的君子不屑于做这些小人行径；我主要是担心你无法正确消化这种正常情绪而内耗，给自己不必要的压力
c20: 很正常我以前因为同桌单选比我多对一个心里都不舒服",0,"Comments are varied, or repeated wording is naturally explained by the topic (e.g., common reactions, factual answers, or repeated questions); no clear multi-comment coordination pattern."
candidate_0041,Train_1,train_112,0,9,0.0,low,0.0532,[],[],[],"c01: 这是哪里的剧情呀
c02: 对 广这个故事真的太逗了
c03: 超可爱
c04: hhhhhhhhhhhhhhhhhhhhhhhhh
c05: 太可爱了
c06: 敲敲香炉，可爱死了
c07: 天啊宝宝！！！眉毛一耷拉可爱晕了
c08: 戏学个人故事呀
c09: xs了，下属夫人：原来你长嘴了是吧",0,"Comments are varied, or repeated wording is naturally explained by the topic (e.g., common reactions, factual answers, or repeated questions); no clear multi-comment coordination pattern."
candidate_0042,Train_1,train_87,0,13,0.0,low,0.203,[],[],[],"c01: 哈哈哈公众号看到了
c02: 和cradle一样，最大的问题还是响应时长太长，加上token用的多，在游戏方面还有很长的路要走
c03: 别这么说呀，只是一项研究而已
c04: 我们弼马温有弼马温的玩法
c05: <用户名>
c06: b站不是有个up主早就这么做了吗
c07: <用户名> 杨戬给他打
c08: b站那个up的模型已经打过广智了
c09: 中了吗
c10: 可以
c11: 和cradle的区别是？
c12: 阿里最会做这种毫无新意的算法加噱头故事
c13: 确实垃圾",0,"Comments are varied, or repeated wording is naturally explained by the topic (e.g., common reactions, factual answers, or repeated questions); no clear multi-comment coordination pattern."
candidate_0043,Train_2,train_1618,0,16,0.0,low,0.1643,[],[],[],"c01: 也是吃了一次不会去第二次，面条也不好吃感觉很海克斯的感觉，没有沉淀的那种店
c02: 某段时间内不停刷到，还基本无差评的，不必怀疑都是推广了还好我抗住了没进去试
c03: 我也觉得不好吃
c04: 从来没吃过 不知道什么时候就火了 明明才开业几个月
c05: 确实不好吃，上次要了碗面条，感觉像是上个月煮的一样，汤一泡全部稀碎。体验感太差了
c06: 有，我吃了一次，感觉老板真有钱，宁肯拿钱做宣传，也不好好做味道
c07: 几乎刷不到差评 也是猴呢
c08: 我觉得汤是甜的，吃了一次我就没去了
c09: 临沧人表示我真的爱
c10: 是的好像就三四个月
c11: 啊？？？我觉得超好吃啊，昆明本地人
c12: 主要是它的那些佐料就是我们平时喜欢吃的
c13: 上个月煮的哈哈哈
c14: 是呢！怪的很米线一点味道没有，汤么是甜的
c15: 给广子博主的牛肉跟给普通顾客的肉都不一样单纯奔图片去的
c16: 冒克阿 直接是吃了想喊退钱的程度",0,"Comments are varied, or repeated wording is naturally explained by the topic (e.g., common reactions, factual answers, or repeated questions); no clear multi-comment coordination pattern."
candidate_0044,Validation,val_176,0,15,0.0,low,0.3601,[],[],[],"c01: 还有芋泥小笼包 挺好吃的
c02: 啊，我喜欢巧克力小笼包鼎泰丰有
c03: 菠萝披萨那边怎么说的
c04: 我记得天津有巧克力包子，我挺想吃的
c05: 巧克力小笼、芋泥小笼，红豆芒果小笼都吃过，其实都挺好吃的
c06: 可是我们国内还有榴莲pizza、玉米粒寿司，不受欢迎的食物不会一直流通在市场里的这是一个很重要的原因
c07: 汉堡里面夹大葱夹香菜应该味道也不错
c08: 我觉得巧克力小笼包好吃
c09: 菠萝披萨榴莲披萨都挺好吃的，臭豆腐不行
c10: 类似我们中国吃菠萝披萨 榴莲披萨 臭豆腐披萨
c11: 我女儿在台湾吃的念念不忘， 幸好老家没有鼎泰丰
c12: 鼎泰丰也有上次吃了一言难尽
c13: 意大利人会砸店
c14: 根本没听过有榴莲pizza
c15: 呃 很好吃啊 这个包又不是咸口 他就只有巧克力 我每次去必点",0,"Comments are varied, or repeated wording is naturally explained by the topic (e.g., common reactions, factual answers, or repeated questions); no clear multi-comment coordination pattern."
candidate_0045,Train_2,train_1761,0,15,0.0,low,0.1493,[],[],[],"c01: 这题我会！婴儿产品好用，添加剂少一些
c02: 还是有消费能力的，国庆车票都没了，还有酒店，涨价了还是有人定
c03: 就旅游来说，节假日该涨价的还是在涨价，该抢不到票的还是抢不到
c04: 实际上我发现人活着只用吃饭喝水就行，肥皂用上海硫磺皂。
c05: 上游不放水，下游会有水喝吗
c06: 赞同，现在发现其实很多东西都是没必要买的，前段时间还断舍离了，感觉好爽
c07: <用户名>
c08: 以前洗澡用百把一瓶的沐浴露，后来换成了十几块钱的六神，最近换成了肥皂洗澡，哈哈哈哈哈
c09: 有时候还是感谢消费降级，才发现一些老一辈的东西是多么实用。
c10: 上游的水只管自己喝饱
c11: 擦脸都只用婴儿产品了
c12: <用户名>
c13: 阶级固化了，穷的只会更穷，富的还是一直流油
c14: 一开始淘宝京东，后面拼多多，从一个月几千，到几百，小几百，目前快往小于一百发展了
c15: 所以美容养生行业现在咋样",0,"Comments are varied, or repeated wording is naturally explained by the topic (e.g., common reactions, factual answers, or repeated questions); no clear multi-comment coordination pattern."
candidate_0046,Train_1,train_823,0,19,0.0,low,0.1733,[],[],[],"c01: 我觉得Windows的文件管理和分屏比Mac好用多了。
c02: macOS的窗口管理，，，太垃圾了，，，
c03: 为啥，我mac没觉得需要多屏幕，反倒windows不加不行
c04: smb链接
c05: ……有谁同意这个更适合出现在避孕套尺寸标注上
c06: 目测这帖下面会有很多人留言“我用MacOS就好的很，咋你就不行”，“MacOS好、很好、非常好，而且会更好”
c07: 窗口管理到底还是比不了直接把窗口写在名字里的系统用了十几年macOS了，窗口管理确实是不太舒服
c08: mac窗口切换不是三个手指划来划去就行了？
c09: 分屏Mac已经抄来了
c10: 纯使用习惯问题，这人是习惯 windows 的视角来看 macos，当然怪
c11: 触发角和快捷键被你吃了
c12: win有办法能实现文件管理器使用非标准端口SMB，虽然在其他系统上这是一个再基础不过的选项
c13: 这是不是芯片的问题啊，测试设备都是什么配置呢
c14: 必备软件：rectangle
c15: Mac的多任务切换就是翔，效率低下，win11还有不同窗口组的快速切换，这点Mac更比不了了
c16: mac本来就没有窗口概念，你套用windows的窗口，当然会不舒服。
c17: docker, macos下性能跟屎一样，反而在windows wsl2下加持跑得比windows的性能还高
c18: 用Windows的时候除非屏幕非常小，基本上不会有想加第二块屏幕的需求，而macOS就一直想加第二块第三块屏幕
c19: 哈哈哈让世界没有小🐔",0,"Comments are varied, or repeated wording is naturally explained by the topic (e.g., common reactions, factual answers, or repeated questions); no clear multi-comment coordination pattern."
candidate_0047,Test,test_996,0,15,0.0,low,0.0117,[],[],[],"c01: 请问哪里找的资源呀！
c02: <用户名>.
c03: 感觉好超前啊，捷克电影都这样吗？之前有部叫Valerie and her week of wonders 也一直想看
c04: 改天一块儿看
c05: 马克
c06: 感觉很像库斯图里卡呢
c07: 据说这个片和瓦莱丽是在一个地方拍的
c08: 我的那个没字幕，你用度度试试吧
c09: <用户名>
c10: <用户名>
c11: 难找
c12: <用户名>
c13: 啥时候
c14: <用户名>
c15: 封面看成海猫了。。。",0,"Comments are varied, or repeated wording is naturally explained by the topic (e.g., common reactions, factual answers, or repeated questions); no clear multi-comment coordination pattern."
candidate_0048,Train_1,train_277,0,15,0.0,low,0.1108,[],[],[],"c01: 肯定不大啊，正常人肯定找两家来陪
c02: 老板说他这些年经历过的奇葩投标经历有：1、某次准备去投标，抱着标书刚走到地下车库，标书就被人抢跑了，没追回来。2、某次他开车去投标，有好几辆车，从他出发一路追随并别堵他，导致没赶上开标 3、最离谱的一次是，开完标，其他投标人当场围殴最低价中标的投标人
c03: 滴滴
c04: 金额特大就不搞这种低端的了，里应外合
c05: <用户名>
c06: 图片必须全黑白算不算
c07: 投标之前如果没人通知你，这个标就一定跟你没关系。同理就像公司年底升职加薪大会，如果你预先不知道今天将要公布谁升职加薪，那么就一定不可能是你
c08: 那是你没见过h社会地下停车场拦着不让上楼的
c09: 大神们，项目流标（只有一家报名），这样内控的可能性大不大
c10: 有道理
c11: 这算哪门子奇怪规定
c12: 没拜对佛
c13: 叫记者啊，这个最管用了
c14: 投标过程难免波折，标书制作过程也是辛辛苦苦，这些投标资料库希望可以帮到每一个投标人 需要的可以④我 免
c15: 这些都是金额特大利润很高才这样？",0,"Comments are varied, or repeated wording is naturally explained by the topic (e.g., common reactions, factual answers, or repeated questions); no clear multi-comment coordination pattern."
candidate_0049,Train_4,train_1380,0,13,0.0,low,0.1125,[],[],[],"c01: 确实挺好吃的
c02: 餐垫有链接么
c03: 哈哈哈下次做了拍
c04: 首页刷到这条翻完了博主整个外卖系列，太合我口味了，不是我爱吃的就是种草打算吃的，还新种草了一堆，等我一一试来
c05: 被种草啦
c06: 啊我老刷到那个巧克力，想七
c07: 是个榻榻米地毯
c08: 请问catch bagel 还有其他推荐的吗 不爱吃吞拿鱼
c09: 我真的很久没点外卖了
c10: 外卖系列回归！
c11: 嘿嘿多吃多吃！
c12: 哇塞 一转眼都33集啦！
c13: 花菜炒饭照片有吗？",0,"Comments are varied, or repeated wording is naturally explained by the topic (e.g., common reactions, factual answers, or repeated questions); no clear multi-comment coordination pattern."
candidate_0050,Test,test_107,0,5,0.0,low,0.074,[],[],[],"c01: 完结踢
c02: 求t
c03: 完结求踢
c04: 蹲蹲
c05: 蹲一个求踢",0,"Comments are varied, or repeated wording is naturally explained by the topic (e.g., common reactions, factual answers, or repeated questions); no clear multi-comment coordination pattern."
candidate_0051,Train_4,train_1188,0,19,0.0,low,0.1086,[],[],[],"c01: 如果她原本就有胸的话，这么瘦还是有的，因为胸不全是脂肪
c02: 你看是第6张吗
c03: 她自己研究出来的，要不然嘞指望那两个下限是澳门那一场把粉丝气死，把黑子喜死的那两位吗？
c04: 那么瘦应该没有胸了吧，不然想象不出来又瘦胸又大
c05: 那我也放个图
c06: 赵露思自己设计的
c07: 总觉得她这部戏跟之前的戏对比换了个面相 （我很喜欢露思）
c08: 她这个丸子头怎么扎的，好好看
c09: 转型了
c10: 好可爱
c11: 这样嘛好好看！
c12: 一直都有的，之前一直盖住了
c13: 说眉弓的是没看过赵露思眉弓平成啥样了吗，明明就是眉形改变
c14: 露丝鼻子上的痣是画的？还是天生的呀？
c15: 她本来有眉毛的 因为演员要拍戏 古装所以造型师 很多都会要求演员们剃一下眉毛
c16: 露思账号有修眉教程哦！
c17: 白色衬衫那张有长图吗 太好看了
c18: 等会说她打眉弓的就来了我先放个图吧 她眉弓从开始就平到现在一点也没变还是那么平
c19: 确实，我发现她只要眉毛画好了就biubiubiu好看",0,"Comments are varied, or repeated wording is naturally explained by the topic (e.g., common reactions, factual answers, or repeated questions); no clear multi-comment coordination pattern."
candidate_0052,Test,test_730,0,13,0.0,low,0.0368,[],[],[],"c01: 求问裤子
c02: 这不都写了吗
c03: 看完之后我总结了以下三点

. . .
c04: 好高知的感觉
c05: 小宝 黑色内搭是哪家哇
c06: 外套店铺里没有捏
c07: akf的m20杏仁燕麦奶 再随便加了点亮油
c08: 求一身
c09: 口红求求
c10: 内搭
c11: THE ARTM
c12: 你这脸有链接没
c13: 美女宝请问有眼睛链接嘛",0,"Comments are varied, or repeated wording is naturally explained by the topic (e.g., common reactions, factual answers, or repeated questions); no clear multi-comment coordination pattern."
candidate_0053,Test,test_592,0,17,0.0,low,0.3302,[],[],[],"c01: 那还好 我这个没怎么用坏的
c02: 对我也是这么说的 真的离谱
c03: 京东买的 没毛病
c04: 我刚刚才发现一边管子断了，才用了三个月
c05: 啊我买的用了大半年了还可以啊，我还拍了个视频安利呢
c06: 我买的床单款用了好几个月，感觉很香，我老公都说买对了，我不是广子
c07: 让他补发，我补发好几次了
c08: 我也买了有床单的
c09: 我也是京东买的
c10: 我买的有点崩线了 客服说让我给蚊帐拆了带去裁缝店弄一下 真就离谱了
c11: 用2年了哦，双手扯，纹丝不动（自己试过双手，现在单手，因为一只手还要拍照）
c12: 我都没动过这个 然后再发现的时候 已经如图了
c13: 我不是广子，买了两个，我觉得质量可以，我崽天天在蚊帐里冲刺跑(25斤的幼崽)，享受被蚊帐弹起飞的感觉，昨天拆下来洗，杆子都没怎么弯
c14: 我家用了两年多杆子也是自己断掉了…
c15: 可能品控不行 质量参差不齐的 反正我买到的这个很差
c16: 我昨天刚买看到我慌了
c17: 真的很差 我这个平时一个月最多就回来睡两三次 就这样了 四月中买的",0,"Comments are varied, or repeated wording is naturally explained by the topic (e.g., common reactions, factual answers, or repeated questions); no clear multi-comment coordination pattern."
candidate_0054,Train_2,train_827,0,19,0.0,low,0.1537,[],[],[],"c01: 热乎的鱼鱼
c02: 头发留多久长这么长
c03: 不知不觉喜欢你那么久了
c04: 好美
c05: 是的哎
c06: 刚开始认识你的时候还是短发
c07: 不知不觉我爱上宝宝已经五年喽
c08: 鱼鱼好萌啊
c09: 鱼鱼你美
c10: 我也是随便一想你 你就来了👋
c11: 这是苹果几呀
c12: 好美好美
c13: 姐姐好美，爱上了
c14: 鱼鱼你手腕上的三颗连在一起的痣好可爱呀
c15: 特别美
c16: 吼喜欢这种颜
c17: 好美啊
c18: 请问用的什么洗发水哇！好羡慕这长发
c19: 好有神性的一张脸",0,"Comments are varied, or repeated wording is naturally explained by the topic (e.g., common reactions, factual answers, or repeated questions); no clear multi-comment coordination pattern."
candidate_0055,Train_1,train_2523,0,20,0.0,low,0.7471,[],[],[],"c01: 确实，但是抛开他们对受的看法的内心描写，只看他们做的事，其实还是比较宠的，不是以前的那种渣攻贱受，什么锅配什么盖互相磨合了
c02: 一时半会说不清楚，在文中找答案吧
c03: 哈哈哈哈哈哈哈哈
c04: 好看
c05: <用户名> 妈的笑晕
c06: 笑得崩溃
c07: 哈哈哈相欺还有一个，恩恩吧嗒一口亲在纸鱼脸上，评论区：这里是中国，谁在开枪？
c08: 我也觉得
c09: 这本虽然酸酸的但真的很搞笑！人家强取豪夺监禁都是虐虐的，他俩是受对着监控emo，攻：你是不是又听网易云了，siri把音乐关了
c10: 和大家一起看二蛋的文更加快乐了
c11: 狠狠期待了
c12: 我觉得这两本的攻是爹味不是爹系 有些桥段看得很难受
c13: 后面还有一句，女人小孩先走！
c14: 这里也超级好笑，看得我大半夜笑尿两滴
c15: 我噻
c16: 哥哥和男友分手了最后？什么原因
c17: 谢谢🙏🏻我就是这么一个又有才华又有品味的小女孩
c18: 笑死我了马上去看
c19: 南方海啸也是皇帝攻，弹幕给我看得笑疯了
c20: 笑死了哈哈哈哈哈哈",0,"Comments are varied, or repeated wording is naturally explained by the topic (e.g., common reactions, factual answers, or repeated questions); no clear multi-comment coordination pattern."
candidate_0056,Train_1,train_606,0,14,0.0,low,0.1426,[],[],[],"c01: 啊，我是看到你这一条才知道
c02: 他俩挺般配的
c03: 没仔细看我还以为前两张是你俩在聊，最后两张是他和他的异性朋友，我还寻思这没啥问题啊，前两张就是正常小情侣，后两张是正常和异性朋友聊天，结果。。
c04: 谢谢你姐妹 我血压刚升高一点往下一拉看评论就下去啦
c05: 补充：这个女生知道他有对象
c06: 我天呢他俩用的表情包好让人讨厌
c07: 宝宝他自己说的话都自相矛盾了，一会儿说那个女生是他“真朋友”，一会儿又说不支持异性朋友 你细品
c08: 不好意思姐妹，我以为前两张对话是情侣呢
c09: 他支持自己有异性好朋友，但是不支持女朋友有异性朋友
c10: 《这个是真朋友》《我都没有异性朋友》《认识的一个女的》《她是把我当作好朋友》《我不支持异性之间的朋友》
c11: 不是，姐妹……我以为P1P2，是你跟你男朋友因为那个女生生气调情的聊天记录呢……
c12: 我也是
c13: 统一回复：已拉黑删除出门喝酒找新男人
c14: 好逆天一边说自己没异性朋友一边说这是真朋友，啥意思，当同性？",0,"Comments are varied, or repeated wording is naturally explained by the topic (e.g., common reactions, factual answers, or repeated questions); no clear multi-comment coordination pattern."
candidate_0058,Train_3,train_1549,0,20,0.0,low,0.0867,[],[],[],"c01: 有时候是它们的系统有bug，好像这次是可以多次付款多次领取，就被人薅上了。薅的人心理就是，如果这次活动方不要求返还，就赚了。如果要求返还那大不了不要号了，或者就返还了算了
c02: 我也是
c03: 哪天晚上，我听都没听过
c04: 甚至不知道是什么活动
c05: 退了写保证书就行了，别问我为啥知道
c06: 是不是微信小程序跳转无法付款
c07: 看起来想隔壁省的风格<用户名>
c08: 从实招来，当年拉萨还是山西，你上过哪一波儿？
c09: 我一直理解的薅羊毛是指参加各种正常活动，看了评论区才知道这么多违规的，真是开了眼了。。。。。
c10: 云闪付的羊毛能不薅就不薅，不然黑了很麻烦首犯保证书小作文打底，再犯直接废了
c11: 自从看见苹果的云闪付有bug以后，再大的优惠我也不开，我知道有解决办法，我这个人就是有被害妄想症
c12: 国家队最好还是不要搞了，我当年自己开卡，24小时耗毛 一个号一千多润，全部加起来搞了有3w，然后我名下哪个号黑了四五年，才给我解封，，
c13: 他们这种金额也太大了
c14: 云闪付薅过最大羊毛是100-50美食券这么好的资源没搞过微信支付宝，有种央企国企不差钱的感觉，活动参与都很复杂
c15: 马上把💰转境外，马上买机票飞境外，落地把护z撕了，别去能引渡的国家。
c16: 值了
c17: 我17年左右开始用。那时候还不叫云闪付，叫银联钱包好像。100-65，100-50。还有各种兑换东西啥的。现在小额券都可各种抢。感觉活动不怎么多了。
c18: 真的假的感觉像诈骗
c19: 起码没有哪个假的银行账号能叫中国银联
c20: 那天晚上貌似全网都在薅云闪付吧，我就薅了几百目前没收到短信，可能一波一波清算，也可能只清算大额",0,"Comments are varied, or repeated wording is naturally explained by the topic (e.g., common reactions, factual answers, or repeated questions); no clear multi-comment coordination pattern."
candidate_0059,Train_2,train_3485,0,18,0.0,low,0.5113,[],[],[],"c01: <用户名> 我一直想看
c02: <用户名>
c03: <用户名> 我靠好有意思
c04: 有文章名字吗
c05: 求大佬加群
c06: 靠北，好厉害！
c07: <用户名> 好好好好好好
c08: <用户名>
c09: 好有意思
c10: 感谢关注，si我噢
c11: 缘分 继续学
c12: 欢迎大家一起来讨论噢↑
c13: <用户名>!!
c14: 我也看到这个了 笑鼠
c15: 确实
c16: <用户名> 不是 推给我干嘛
c17: 开源啊，宝宝
c18: 光是数据简单计算已经爆炸了，一些稍微大点的网络不知道这位神是怎么处理的，gpu要炸",0,"Comments are varied, or repeated wording is naturally explained by the topic (e.g., common reactions, factual answers, or repeated questions); no clear multi-comment coordination pattern."
candidate_0060,Train_2,train_2475,0,17,0.0,low,0.0789,[],[],[],"c01: 正常去世的不怕，意外也不怕，被害的又不是我干的，更不怕
c02: 如果鬼弄不死你，那么有什么可怕的。如果鬼弄死你，那么都是鬼，还有啥可怕的？
c03: 我信你，以前公司宿舍厕所我也听到女人哭声，就是耳边的声音，不是外面传来的，大概几秒没有了
c04: 对啊，我也不怕，不做亏心事不怕鬼敲门
c05: 你以为每个人都这么善良
c06: 凶手已经被抓了的话呢
c07: 广东深圳，在线求凶宅，房子越大越好，死的人越多越好，降价越猛越好。最好少那种千平大别野，一家几百号人全死里了，原价七八千万现在二十就出的
c08: 谁家没有老人生老病死？
c09: 帮我也收个 我出50
c10: 如果有鬼的话我反而会高兴，因为人死后就相当于泯灭了，什么都不存在，跟你从来没出生一样，而且是永远消失，没有尽头，直到宇宙灭亡也不会在有你的存在，这种感觉很恐怖，真有鬼的话，反而会让我们不在恐惧死亡。
c11: 气场不一样
c12: 我看过一个评论说，凶宅可怕的地方在于凶手可能会回去看看
c13: 让你天天倒霉，身体越来越虚越来越差，天天抑郁焦虑折磨你呢？
c14: 我不会住的，免费给我我都不住，因为我真住过邪门的房子，租房时碰到过，每天半夜三点醒就听到近在耳边的女人哭喊声还有摔东西的声音（跟发生在走廊里一样），我押金都没要就跑了
c15: 那你应该会高兴的
c16: 房屋里面有人非正常原因死亡的，房主在出租出售的时候必须要告知买受人或者承租人！
c17: 故宫里死过更多人，明清两代皇帝不是还住在这里",0,"Comments are varied, or repeated wording is naturally explained by the topic (e.g., common reactions, factual answers, or repeated questions); no clear multi-comment coordination pattern."
candidate_0061,Test,test_184,0,12,0.0,low,0.0292,[],[],[],"c01: 谢谢王大爷，我也会了
c02: 牛魔王是个洋妞儿，笑喷了。今天的好心情是你给的，谢谢～
c03: 是65岁退休，不是65岁离职。35岁以后随时被裁
c04: <用户名> p4
c05: 猫：你就是我铲屎官找的对象？
c06: <用户名>
c07: +1
c08: 啊65了还不能到领导嘛
c09: 现在的领导大多年轻化，靠自己的很少，大多数都是关系户后台，没后台的只能干到退休，哪里都一样。
c10: 笑死 30岁大寿已经在跟老板请假了
c11: 图14的用吸管戳豆浆袋还真是回忆杀我
c12: <用户名>🐟",0,"Comments are varied, or repeated wording is naturally explained by the topic (e.g., common reactions, factual answers, or repeated questions); no clear multi-comment coordination pattern."
candidate_0062,Train_1,train_1765,0,15,0.0,low,0.5284,[],[],[],"c01: 等一等吧，今年一月之前我也死活不肯相信的，现在信了
c02: 疑似十月提前向我开炮哈
c03: 有啥的，点杯奶茶喝喝
c04: pdd不是说我是最幸运的人吗..
c05: 拼多多你不是说我是最幸运的吗
c06: 世界上真的还有愿意给我花钱但是花了以后根本不提一下的人吗。
c07: 大妹子 这种事发发朋友圈得了 发给我看我就321跳了
c08: 姐妹还有剩的吗
c09: 我今天必须得死吗
c10: <用户名> 想上吊了
c11: 这是真实存在的吗
c12: 我不想听
c13: <用户名>
c14: 和家里吵架跑到另一个城市，第一天还在韩国，凌晨就到我酒店门口了给我租好房子才回家
c15: 乖，pdd说的是99%",0,"Comments are varied, or repeated wording is naturally explained by the topic (e.g., common reactions, factual answers, or repeated questions); no clear multi-comment coordination pattern."
candidate_0063,Train_4,train_2687,0,13,0.0,low,0.1053,[],[],[],"c01: 那你应该拎七个
c02: 没事打什么码啊小红书包容性这么差吗？审核不过？一些字母又没什么违规的
c03: 这种人与机械的美感我能狠狠get，肉体苦弱赛博飞升的感觉，但是那种纯血腥残肢的我不行
c04: 天呐神迹<用户名>
c05: 该不会是诡秘之主的粉丝吧
c06: 第一张好像八人寝里我的精神状态
c07: 第二张图有手办第一个叫不闻第二个叫不言第三个叫不见
c08: 11111能换成伺服颅骨吗
c09: 雷尼特提妮科尔
c10: 第二张图差点以为是ai出的……
c11: cure
c12: 赛博科技感可以接受，但是纯血腥就受不了了
c13: p2好像有手办，特别可爱",0,"Comments are varied, or repeated wording is naturally explained by the topic (e.g., common reactions, factual answers, or repeated questions); no clear multi-comment coordination pattern."
candidate_0064,Train_2,train_1475,0,14,0.0,low,0.699,[],[],[],"c01: 别幻想了你没机会，你压根就没有280w
c02: 白萝卜胡萝卜那个是真的么
c03: 腾讯不开已读不回是最后的体面
c04: P7tt?
c05: 费玉清
c06: 不就去年就是啥时候，有人吃出来tt还偏说是鸭子的啥东西来着我给忘了，现在应该还能搜到吧
c07: 图一的男友下手其实还算轻，换着是我肯定打得她妈都不认得
c08: 火罐
c09: 你女朋友的老公，你应该称先进
c10: 你女朋友的老公你应该叫先进
c11: 真的怀疑网友智商，人家说280w.，就真他么敢信，
c12: 图八，你该叫沉默是今晚的康桥
c13: 偶尔吃没事，这俩菜也不经常一起吃
c14: 不要信手拈来，第一张图值特么280万吗？真是开局一张图",0,"Comments are varied, or repeated wording is naturally explained by the topic (e.g., common reactions, factual answers, or repeated questions); no clear multi-comment coordination pattern."
candidate_0065,Train_4,train_3029,0,8,0.0,low,0.2981,[],[],[],"c01: 看着好高级
c02: 没有冻哦 包流心的时候动作要快 我是守在冰箱旁边 包一个拿一个 包完放冰箱里 然后再拿起饼皮开始包 包完就烤了
c03: 亲！请问下这个流心月饼需不需要冷冻后再烤呢？
c04: 亲 饼皮的巧克力酱是融化的黑巧吗还是单买的巧克力酱
c05: 就是融化的黑巧
c06: 需要的哦
c07: 流心月饼需要常温回油吗
c08: 好的，谢谢",0,"Comments are varied, or repeated wording is naturally explained by the topic (e.g., common reactions, factual answers, or repeated questions); no clear multi-comment coordination pattern."
candidate_0066,Test,test_193,0,13,0.0,low,0.4558,[],[],[],"c01: 花村付邮送都没人要吧。。（无恶意，只是想说人物冷门。）
c02: 我的妈这个价祝成功
c03: 花村。50？
c04: srds花村50？...
c05: 借帖出好价左右田索妮娅120，花村45，绝世好价求咪们收物（狗头保命狗头保命狗头保命
c06: 点了
c07: 蹲日向换七海
c08: 逆天h价 做梦去吧
c09: 花村50你想啥呢妹子
c10: 左右田和索尼亞150你想啥
c11: 你不是圈内人吧，咩呀这价格
c12: 这就是冷门（）
c13: 太h了妹子",0,"Comments are varied, or repeated wording is naturally explained by the topic (e.g., common reactions, factual answers, or repeated questions); no clear multi-comment coordination pattern."
candidate_0067,Test,test_71,0,19,0.0,low,0.1292,[],[],[],"c01: 这不能，那不能，我看说这话的人不能当HR
c02: 做手术修养了一年。
c03: 和招聘工作无关的工作经历要写上去吗？只有一年
c04: 干啥都是坐牢 。什么 你不能坐牢？那你不适合这里
c05: 我直接把简历上的空窗期用上一段工作经历填补上去了
c06: 空窗期就是不想干活，没有钱了只能上班，不上也要上
c07: 这不里面还是有家人生病相关的吗
c08: hr其实并不是要听事实～而是想听他们想要的答案～
c09: 假大空鸡犬升天，真善美活活饿死
c10: 笑死，这么笼统的话术听着都觉得假
c11: hr和用人单位领导看到“高情商话术”一样可以反向等号划到“真实原因”，该计较还是计较，该不要还是不要。古语有云，英雄不问出处，用人不疑。求职者也没必要这要小心翼翼，试图证明自己什么，本来就是双向选择，缘分不到再润色也一样，反向避雷也挺好的。
c12: 讲道理这里面的回复也都是一眼就能看出来的，还不如实话实说坦诚一些，要不就是认真找赛道，要不就直接说调整状态，说太多只能让hr觉得很虚
c13: 还要求员工稳定？！现在哪个公司敢说自己稳定？
c14: 无聊，空窗期就是躺着，爱咋滴咋滴
c15: 我订婚，空窗期3个月
c16: <用户名>
c17: 何必呢，大家心知肚明，空窗不就这些原因吗？双方自欺欺人
c18: 每天免费诊断简历5人，报名扣1
c19: 对对对，不能有空窗期。一辈子每天都是社畜才能保证当好社畜。",0,"Comments are varied, or repeated wording is naturally explained by the topic (e.g., common reactions, factual answers, or repeated questions); no clear multi-comment coordination pattern."
candidate_0068,Train_3,train_2176,1,16,0.0,low,0.2325,[],[],[],"c01: 河南文科377
c02: 文科271
c03: 商丘医专
c04: 问问问
c05: 275
c06: 文科男260有公办的推荐嘛
c07: 河南理科300
c08: 没回复的宝宝 可以直接丝我
c09: 同学考虑外省的吗？
c10: 河南建筑
c11: 理273
c12: 文237
c13: 河南文300
c14: 私信我
c15: 1111
c16: 文科390",2,"Thread has admissions lead-generation behavior and DM prompts, but the pattern may reflect normal OP-user replies rather than coordinated accounts."
candidate_0069,Test,test_162,0,19,0.0,low,0.0641,[],[],[],"c01: 是吗
c02: 差不多的椅子但是每次脚没地方放觉得很不舒服
c03: <用户名> 感觉这个好好 但是不知道链接
c04: 哈哈哈哈我室友都是东北的她说东北大商场冬天都是按这种大门帘 保暖
c05: 人怎么能聪明成这样，在寝室安这种保暖门帘，不敢想象你们寝室得多暖和
c06: 回寝室就跟长椅子上似的🛋️
c07: 消息可能发不出去啊uu们
c08: 这个
c09: 先好好学习！考个有好宿舍的大学！
c10: 寝室没空调吗？
c11: 同款椅子已经战损
c12: 夏天坐着这种不得热死呀
c13: 求椅子名字
c14: 宝宝想问下这个椅子坐着写题看书什么的舒服吗？角度会不会难受
c15: 可以问问桌子上的台灯吗
c16: 我已经把大学要用的东西全都看了一遍了
c17: 大家直接截图🔍吧。货比三家
c18: 感觉和我那个差不多多
c19: 想知道脚往哪里放呀",0,"Comments are varied, or repeated wording is naturally explained by the topic (e.g., common reactions, factual answers, or repeated questions); no clear multi-comment coordination pattern."
candidate_0070,Test,test_387,0,20,0.0,low,0.238,[],[],[],"c01: 一个会偷懒的人适合读博 因为他会用最有效率的方法把事情干完
c02: 中了，全中。正在申博
c03: 你乃当代科研幸运儿哈哈哈哈
c04: 哈哈哈哈哈哈哈笑着笑着就哭了
c05: 我就是这样的人我导师是比较孤僻的学术型。。
c06: 最近看完一本官场小说，突然就感悟了第二点，没想到在这也能碰见这想法
c07: 只是国内如此。
c08: 总结精辟
c09: <用户名> 一条都不中，我读了个假博士，哈哈哈哈哈
c10: 我不得不赞了，我当初想明白这个道理的时候，整个人都觉得好了确实是这样的
c11: 我不信程度不一样罢了
c12: 呵呵救命了
c13: <用户名>
c14: 刚开学：我要读博
一个月以后：这个博万万不可读
一年以后：建议研一的学妹读博，狠狠给老师写本子
c15: 也有为了科研把升官发财当手段的人
c16: 这样的人有的导师也不喜欢，有的导师性格比较孤傲那种也看不起这样的人。
c17: 是的，任何地方任何人种都不能免俗
c18: 啥小说，想看，谢谢
c19: 难道我是天选读博人
c20: 啥叫写本子呀",0,"Comments are varied, or repeated wording is naturally explained by the topic (e.g., common reactions, factual answers, or repeated questions); no clear multi-comment coordination pattern."
candidate_0071,Train_4,train_3047,0,17,0.0,low,0.0928,[],[],[],"c01: 我们学校的学姐
c02: 一切皆有可能
c03: 高中时最爱的鸡汤之一，这位学姐的文综好像是297分
c04: 好励志的资料啊
c05: 请问是什么学校我就是有点疑惑，为什么文科本科上线只有三个人，那这个高中应该不是重点高中，可是她努力一个月就能考全市第一，听起来有点不可思议
c06: 你好棒，
c07: 点赞收藏
c08: 这。。。。这成绩比放在理综都相当炸裂，更不用说文综了
c09: 菜鸡探头，对我来说吧鸡汤这玩意儿效果有限（瘫）能激励到自己那绝对是非常好的，但一结合现实就没劲了（）一边是鸡汤一边是毫无思路的数学和理综，割裂也太大了唉
c10: 之前高中用的资料最前面就是这篇文章
c11: <用户名>～
c12: 好燃啊🔥🔥🔥
c13: 高中的时候打印出来激励自己 虽然高考没考上北大 但是研究生终于圆梦了 看到这篇文章恍惚间又回忆起当年反复看这篇文章时候的心情
c14: 当时很喜欢的一篇文章是写一个考上浙大的女孩子，她的温柔强大给我留下特别深刻的印象，岁月悠悠，衰微只及肌肤，热忱抛却，颓废必致灵魂。
c15: 这是厄尔曼的《青春》，她是引用，不是她写的，但是这首诗写得非常美可以去看看
c16: 但凡上过高中就会知道在天赋面前努力不值一提这种鸡汤骗骗小孩子得了
c17: 一起<用户名>",0,"Comments are varied, or repeated wording is naturally explained by the topic (e.g., common reactions, factual answers, or repeated questions); no clear multi-comment coordination pattern."
candidate_0072,Train_1,train_1612,0,18,0.0,low,0.1723,[],[],[],"c01: 这种快分啊姐妹这种人不行的
c02: 你说的其实挺好的，不过主要你男朋友愿意听你说的，也会承认一下自己的小心思，你没遇上不承认还倒打一耙说情绪不稳定的
c03: 虚心求解如果男朋友死活不承认怎么办 就是说类似“你为什么要这么想我？”“你为什么总是把你的想法强加在我身上”这种怎么辩
c04: 我遇到过一位异性，当指出边界问题被隐瞒和欺骗的时候，被攻击说社交门槛高，甚至在某些我不需要的事儿上且并没有真正享受到好处的事情里被指责不懂感恩…一瞬间失望，可以接受人与人的差异性，理解并尊重，但是希望在明确表明自己的原则和底线大家可以坦诚交友…互相尊重彼此的交友观，选择合适的距离做朋友。
c05: 我男人要是这样直接分手好吧，都难得说一句，嘴巴累浪费精力，这就和家暴一样有第一次就有第二次，在我眼里他就是故意在自己女朋友面前耀武扬威，宣传他自己的魅力
c06: 姐妹，你们结局咋样
c07: 哈哈哈哈哈哈哈哈，出门在外守男德
c08: 我男朋友也有这种游戏搭子说很提供情绪价值，我说他他反过来说我查他手机不尊重他隐私啥，真的很无语
c09: 是挺无语的
c10: <用户名>
c11: 我们只是网友，又不会发生什么
c12: 没分，感情挺好的
c13: 主要是她男朋友也顺着她的思路走，我不是洗白她男朋友，主要是一般这样吵架的时候男生可能就炸毛拒绝沟通了
c14: 我们要发生什么的话，早就发生了
c15: 厉害👍
c16: <用户名> 这个姐妹脑子好好用
c17: <用户名>
c18: 哇塞姐妹，你是我在小红书里看见的小情侣吵架逻辑最清晰的一个",0,"Comments are varied, or repeated wording is naturally explained by the topic (e.g., common reactions, factual answers, or repeated questions); no clear multi-comment coordination pattern."
candidate_0073,Test,test_665,0,18,0.0,low,0.0325,[],[],[],"c01: 狗迪在骗你去的推广上绝不吝啬
c02: 随手拍的就这张照片扫去了我一天排队的怒火
c03: <用户名><网址>bi <用户名> 尸体暖暖的
c04: 好温暖呀
c05: t人也想落泪又想去迪士尼了
c06: 平等的霸凌每一个人
c07: 我也看到了～不会是个小区吧
c08: 迪士尼是成年人的避风港，因为在哪里永远可以是个小孩，期待着神奇的一天。每个儿心里都有童真的一面，迪士尼认真的保护着我们内心的童真，守护着神奇世界。
c09: 此刻在地铁上的f人流下了眼泪
c10: <用户名>
c11: hahahahah鼠摊同款
c12: 这些照片好美好啊，虽然我一直觉得一个迪士尼有什么好去的，但是看到这些有趣的瞬间，真的很令人向往！！这些瞬间比美好的城堡更令人有想去的冲动！
c13: 好喜欢…好想去
c14: 北京小区的电梯里。。。真是心情都好了
c15: <用户名>
c16: 一个35岁没有去过迪士尼的妈妈流泪飘过，身边没人愿意跟我一起去，愿意去的都去过了…
c17: 可以自己去姐妹！！
c18: 狗迪虽然骚操作不断 但是投广告真是无敌啊",0,"Comments are varied, or repeated wording is naturally explained by the topic (e.g., common reactions, factual answers, or repeated questions); no clear multi-comment coordination pattern."
candidate_0074,Train_2,train_2941,0,14,0.0,low,0.0578,[],[],[],"c01: 原来如此
c02: 呃，没人说啊。。我俩都没谈上。。
c03: 人机金牛
c04: 好搞笑啊。。我受不了了，，他知不知道自己这样很搞笑也很可爱。。。
c05: 其实就是敷衍你不得不回的状态。
c06: 说金牛这样是喜欢是爱，别太离谱
c07: 他很爱，别问了，甜到了
c08: 金牛是这样的吗，我俩没谈
c09: 蛮可爱的
c10: 可他给我送月饼了
c11: 哈哈哈哈哈中秋牛逼
c12: 金牛喜欢你天天想给你花钱天天想见你就算你不约他也会给你送东西为了见你一面
c13: 那這個呢
c14: 我也觉得",0,"Comments are varied, or repeated wording is naturally explained by the topic (e.g., common reactions, factual answers, or repeated questions); no clear multi-comment coordination pattern."
candidate_0075,Train_3,train_3148,1,20,0.0,low,0.31,[],[],[],"c01: 07和08我真的看试色看不出区别
c02: Das亮片是真的那种大颗粒，上眼睛说不上好看，我反正很反感，因为像一颗一颗粘在眼睛上，哑光我就觉得韩系都那样
c03: 我也买了很多才收到的 根本停不下来
c04: 他不是不显色，是他这个颜色做的淡，持久度在我这是可以的，他家04的亮片我超级爱，可以和牛郎一拼，不过缺点就是，配色鬼打墙
c05: 我买了08但是好像颜色差不多
c06: 姐妹请问如果wakemake只买一盘，买哪个？
c07: 08
c08: 我不知道我不知道我才买，04号那家是正的
c09: 但是好喜欢配色呜呜呜
c10: 那个卧蚕笔是啥
c11: 天哪 小红书监视了我 我挑了半天韩系清透橄榄皮眼影 买了04正在路上！然后这个系列的03 07 08我觉得也好看来着
c12: 啊?我买到假货了，我觉得他家粉质贼啦差啊，那一搓就飞的到处都是啊
c13: 亲亲这家是正品吗？
c14: 这个店是正品吗
c15: 还真是小破烂出闲置的时候都要被大刀
c16: 就是不知道这个盘日常不 会不会涂上全都是一模一样的粉色
c17: 我本来要买dasique，现在看了你的又想换成holika单色了
c18: 我买的是
c19: 啊？我的没有哎
c20: 据说Wakemake不显色，感觉韩系眼影大都不持久",0,"Comments are varied, or repeated wording is naturally explained by the topic (e.g., common reactions, factual answers, or repeated questions); no clear multi-comment coordination pattern."
candidate_0076,Train_2,train_93,0,19,0.0,low,0.2677,[],[],[],"c01: 我也想问 在哪看
c02: 哈哈哈哈哈
c03: 哪里有小说资源啊，这个电视剧没啥意思
c04: 高鹏好像比卷卷帅一点
c05: 额你莫非会和别人说第一次上床也是和他吗？
c06: 谁会说第一次做是和他这种话啊
c07: 中午看了半集，后面睡午觉，梦见自己出轨被前男友追杀，一中午都在逃命
c08: 小说你何是个彻彻底底的渣女，很多py，和高高中恋爱，大学毕业后高和何在北京生活过后来才去香港工作的，而且小说的高也不帅，个子175还有点胖
c09: 对中国电视剧就是这样
c10: 原著女主最后没跟谁在一起
c11: 假的，我最近在追这个剧，没有床伴，只是她闺蜜找了个结了婚的老公，能找是因为那个男的和他老婆假离婚为了买房子，那个男的骗她闺蜜说是真离婚
c12: 谁能告诉我这个女主最后和谁在一起了
c13: 你串戏了
c14: 肯定是和高 只是没明说
c15: 谁能告诉我那隽的结局是啥啊
c16: 昨天刷到好像说女主有个40岁的床伴
c17: 七年就肯定会吗 我觉得还真不一定 我说现实
c18: 何和高都在一起七年了，肯定早就做了，只是电视剧里没拍出来。而且小说里面很炸裂的，何还没有和高分手的时候，就出轨了和瞿发生关系，高从香港回来来找何也发生关系了，发生关系的时候还被住在何对面的瞿听到了声音之后瞿又去找何了，也发生了关系。总之，小说的尺度电视剧是不可能拍出来的。
c19: 额，我觉得只是电视剧播出的原因，不好直接把“第一次上床也是他”这种话念出来吧",0,"Comments are varied, or repeated wording is naturally explained by the topic (e.g., common reactions, factual answers, or repeated questions); no clear multi-comment coordination pattern."
candidate_0077,Train_2,train_3319,0,17,0.0,low,0.2917,[],[],[],"c01: 不懂就问 这个面膜很好用好吗
c02: 基佬听了邻居
c03: 看了看问大家之后直接花了小200买了3️⃣罐面膜……看一个不是广的小红书都能花钱啊啊啊啊女人
c04: 什么面膜？求告知🙏
c05: 发了你怎么不领啊
c06: 这孩子太棒了，我的孩子要这样就行了
c07: 你也给你的小孩几千几千的买东西吗，天呐，好羡慕你的小孩呀
c08: 好city呀哈哈哈，看到我 elk柚子面膜了，果然不是白刷到的，还以为没啥人知道呢
c09: 是雾于森林家的？
c10: 蹲！！！<用户名>
c11: 😯😯，进来看看预知的真羡慕啊，结果看到天天使的面膜了
c12: 啊哈，刷个🍠进来溜达溜达，看到天天用的这个面膜了……
c13: 面膜我直接🐛了三罐（划算些），姐妹们可以蹲反馈！！！
c14: elk柚子面膜吗？
c15: 羡慕了羡慕了
c16: 真的，我也用的同款！说实话，包装不算惊艳，不过原本点点滴滴的真像被浇水灌溉了一样我还记录了，熟人绕道
c17: 哎做梦",2,"Several comments independently mention/use the same mask in unusually promotional language; suspicious astroturf-like pattern, but no account/timestamp evidence to confirm coordination."
candidate_0078,Train_3,train_583,1,16,0.0,low,0.0669,[],[],[],"c01: 求地板牌子
c02: 好棒给个链接欧
c03: 客厅是梦幻帘
c04: 我这个是1.4米哦，也有1.6，澳.卡.轻.奢
c05: 不会
c06: 刷的什么颜色乳胶漆
c07: 求餐桌链接
c08: 15硬装3w软装
c09: 太好看了，哪里买的呀
c10: 请问餐厅灯刺眼吗
c11: 请问一共装了多少钱啊？
c12: 客厅窗帘叫什么名字
c13: 姐妹，你餐桌买的是几米的呀？我看有1.3，1.4，1.6，1.8各个选项
c14: 请问你们家橱柜门的白和客厅的柜门都是同一种白吗？
c15: 黑色罗马柱落地灯是casa照明
c16: 1.4",0,"Comments are varied, or repeated wording is naturally explained by the topic (e.g., common reactions, factual answers, or repeated questions); no clear multi-comment coordination pattern."
candidate_0079,Test,test_901,0,20,0.0,low,0.3963,[],[],[],"c01: 而我 古德欧门二就不看了，防止被刀（防止成功
c02: 让尼尔盖曼走，让普拉切特来写，拨乱反正。
c03: 原来这里的恶魔也叫crowley啊？
c04: 兆二就够难看了，加上尼尔盖曼那档子事，真的当时不如就一季（娱乐消遣的玩意儿不能凌驾在别人的痛苦上）
c05: 想看剧的心情懂都懂，但作者不无辜也就应该停止利益既得，题外话我当年看完两部感觉看了个过场，都不想去想写了啥
c06: 评论区某些人belike：“她只是受到性侵终身都伴随着创伤生活，我可是看不到剧了啊！”
c07: 忍不住多想这个“暂停”是不是还有“完成”的可能性的；“制作变更”是不是要把盖曼t出去（但老登身兼三个要职）还是干脆“停止制作”；一旦盖曼与兆割席最终产物是否会给大家一个满意的交代；没了小说原著为底气的兆3质量能否始终如一……种种疑云下，受伤的只有兆人
c08: 好了我就知道我要出来劝大家补药吵了，但实际上作者丑闻和作品以及受害者也是老生常谈的话题了。大家辩论归辩论不要气到乳腺。Deadline原帖下面也吵作一团乱成粥了大家趁热喝了吧。
c09: 真生气啊我兆3
c10: 点了 二拍得跟同人作品似的 除了两对cp谈恋爱没有任何内容
c11: 普拉切特老师已经退圈了（退生物圈）
c12: 点了
c13: 补药啊....
c14: 啊啊啊啊啊啊啊啊啊啊啊啊啊啊啊啊
c15: 兆三拔四神五成为欧美诅咒☝🏻️
c16: 补药啊啊啊
c17: 我要喝皮蛋瘦肉粥
c18: 是这样的，如果rh大家只会说似得好，rn随便国外的更加随便
c19: 我的兆3……………………
c20: 啊？啊？啊？我的好兆头。。。",0,"Comments are varied, or repeated wording is naturally explained by the topic (e.g., common reactions, factual answers, or repeated questions); no clear multi-comment coordination pattern."
candidate_0080,Train_1,train_878,0,12,0.0,low,0.5113,[],[],[],"c01: <用户名> 马克学习
c02: 最好别用白色纸画符，我在英国招来了好多飘，（招来了也没事飘吓唬人的手段很低级，最过分的是赶ddl的时候断我电断我网，我不得不去楼下自习室赶due…）
c03: 哈哈哈哈哈哈哈哈哈哈哈哈哈哈
c04: <用户名> 哈哈哈哈
c05: 最中幻想
c06: 把符贴在讨厌的人家门口哈哈哈
c07: 必须用黄纸和朱砂画，否则没有震慑效果
c08: <用户名> 笑死我了哈哈哈哈哈哈
c09: 啊[]
c10: 我朋友公寓里有个老黑专门偷这种 这种符一看就是国人箱子 国人箱子里好吃的多 现金多 他们部分无宗教主义的根本不怕这些 反而专门会挑衅
c11: 感觉像teenager飘 哈哈哈哈断你网
c12: <用户名>",0,"Comments are varied, or repeated wording is naturally explained by the topic (e.g., common reactions, factual answers, or repeated questions); no clear multi-comment coordination pattern."
candidate_0081,Train_3,train_2371,0,15,0.0,low,0.2395,[],[],[],"c01: 没有吧我从小到大在广东读书，都没碰到过
c02: 马嘉祺？
c03: 嘉嘉嘉嘉嘉嘉嘉嘉娣娣娣娣娣娣娣娣娣娣梅梅梅梅梅梅梅
c04: 嘉，真实了哈哈哈哈哈
c05: 潮汕这边是泽 （锋 楷 涛 璇 嘉 豪）反过来的楷泽 嘉泽也有 锐，晓，梓，玲，诚，志，伟，杰
c06: 你这些关键字里我占了俩
c07: 关键字：嘉，敏，欣，慧，怡
c08: 嘉欣 嘉伟 嘉豪 嘉慧 嘉琪
c09: 佳怡等同音，十有八九
c10: 招娣，来娣，盼娣，～娣，好了，
c11: 每个广东人的好友列表都有嘉欣哈哈哈哈
c12: 女生，阿什么，男生，什么仔
c13: 俊杰，嘉怡，嘉仪，静怡，静仪，家轩，俊轩，家劲，嘉琪
c14: 嘉伟，思敏，嘉慧，
c15: 我老婆就叫嘉欣，后来我才知道这名字在广东相当于我们这边的张伟",0,"Comments are varied, or repeated wording is naturally explained by the topic (e.g., common reactions, factual answers, or repeated questions); no clear multi-comment coordination pattern."
candidate_0082,Train_2,train_1083,0,14,0.0,low,0.1847,[],[],[],"c01: 人口密集
c02: 啊哈哈哈哈哈哈，这个好棒呀！！
c03: 一家人齐齐整整哈哈哈
c04: 真的很方便 随便一个箱子都可以 我是为了花房再利用才这样放的
c05: 强迫症的我为了凑发色硬是学会了植发
c06: 是滴 你也试试吧
c07: 时尚
c08: 哇，这个真的好方便放进柜子都不好拿出来玩
c09: 宜家花房
c10: 植发 看上一条笔记
c11: 哇好好看！请问外面那只彩虹头是改的发色嘛？
c12: 小房子链接
c13: 自封袋尺寸：11*30
c14: 家里地小人多 没办法",0,"Comments are varied, or repeated wording is naturally explained by the topic (e.g., common reactions, factual answers, or repeated questions); no clear multi-comment coordination pattern."
candidate_0083,Train_2,train_281,0,16,0.0,low,0.1349,[],[],[],"c01: <用户名>
c02: 这个想法好棒
c03: <用户名> 唉，滥用药物
c04: 自己不聪明，虽然害他的人穷凶极恶，但自己就没有这种防备意识，哎，你不防备自然别人就要害你，这就是老话说的防人之心不可无
c05: 所以我依然看老友记，依然为了钱德勒笑出来，要记得他，千千万万次
c06: 虽然我没看完，但每天看都是抑郁的
c07: <用户名> 我靠被围猎。。。
c08: 我看是说 他周围的人利用他 他抑郁发作的时候 强行给他供货， 把价值几块钱的买给他几千美刀，自己赚钱，他就死在劣质毒品下了
c09: 钱钱一直活着的
c10: 天哪，那戒毒的人得多痛啊
c11: 他走的那天，我真的以为是意外，一边看老友记一边哭，想着如果是意外的话可能不会太痛苦，以后也不会痛苦了。结果上个月突然知道他是被谋杀的，瞬间就感觉这个世界都是错的
c12: 我一遍遍看老友记，一次次因为钱德勒开怀大笑，一次次因为马修泪流满面
c13: 要知道，有时候人真的会无助到无法抵抗任何危险。想像一下，你举目无亲，高龄瘫痪在床，只有一个护工每日负责照料你的起居生活，如果他想害你，你该如何向外界求救？
c14: 昨天刚刷到，吸过毒的人，即使戒了毒，也会一直处于疼痛之中，因为本来正常的肌体摩擦就是会产生疼痛的，只不过健康的身体能自己产生镇痛物质让人感受不到疼痛，而吸毒的人，由于自己摄入了能够镇痛痛的物质，大脑会自动判定不用再自己分泌镇痛物质了，这就使得他们只要不吸毒，就会始终遭受真实的疼痛，这也是很多人复吸的原因，因为他们已经失去原装的镇痛系统了。
c15: 啥是被围猎啊他不是自己注射的是吗
c16: 他说“原本，我应该早就死了。” 从婴儿时为了让他不哭，被医生注射安定。 成年时为了让他骨折了还能继续拍戏，被医生开了容易成瘾的药物。 离世还是因为被药物注射过量。",0,"Comments are varied, or repeated wording is naturally explained by the topic (e.g., common reactions, factual answers, or repeated questions); no clear multi-comment coordination pattern."
candidate_0084,Train_3,train_1937,1,9,0.0,low,0.0,[],[],[],"c01: 我的目标：抓紧写论文📑
c02: 麻烦关㊗️一下谢谢你，打招呼次数用完了
c03: 滴滴
c04: 已关注
c05: 来啦
c06: 研0必备：进组自我介绍模板、文献阅读笔记模板、文献汇报ppt模板、40个常用科研工具等等扣1⃣️领取
c07: 来喽
c08: 11
c09: 111",1,"Comments form a follow-and-comment-number resource-claim funnel (follow, 1/11/111, receive templates/tools); clear coordinated promotional engagement."
candidate_0085,Train_3,train_1394,0,20,0.0,low,0.1657,[],[],[],"c01: 借楼offer纠结中…一个是年近70的工程院院士offer但组里的博后带我，一个是刚回国不久的年轻海优。未来想要出国读博
c02: 跟过1，但是当时本科太小，啥都不懂，没坚持住现在跟着一个一般般牛的老师，老师又想推荐到另一位疑似大牛（资源多，地位高，但是学术水平略低，文章期刊一般般）那里，可能是想让我成为2？？？我不懂，纠结中……太难了吧
c03: 都不是这四种
c04: ap怎么看是不是潜力股呢
c05: 我感觉我导就是rising star，博士刚毕业2年发了一篇top5和两篇field top，我是他的第一个博士生，我还没想好我做啥他就把代码写好了
c06: 5. 跟随一个不牛的，靠一己之力送老板上天，老板还整天瞎指挥
c07: 实际上大多数学生没有鉴别rising star的能力
c08: 第一种描述的也太香了
c09: 我是国内的1，但是啥用都没有，文章没有硬到那个地步，手把手教师弟师妹拿了一堆共一，找工作也不太用得上。
c10: 跟随4，要不成为social/水论文大师，要不勉强毕业混文凭
c11: 能说我是2吗
c12: 这个是天崩开局
c13: 哈哈哈想起隔壁院系一个老师本来忧心自己过不了tenure，来了个本科生在自己毕业之前发了4篇PRL（还有没发的文章），直接变成领域小热门。人生如戏，机械降神。
c14: 半做半送太真实了。。。paper几乎都是老板重写的。
c15: 1.选一个强但是新的ap，系里话语权不高，算开门弟子（她自己导师很强，领域顶尖大牛）研究方向符合70% 2.选一个强又已经full professor的导师，性格很好（护犊子类型）系里话语权很高，挺强的，ted speaker，能保证不会情绪内耗，但是学生比较多…。 研究兴趣符合程度75% 3.新ap，也算开门弟子了，背景很强，但是系里话语权不太高，人很好，手把手带；但是只能作为副导因为还没升full 或associate研究方向符合90%
c16: 求帮忙！！！
c17: <用户名> 哈哈哈哈哈哈哈哈哈
c18: 4任务：带老板上教授
c19: 这两个都挺好的。组里博后如果实力强，科研眼光毒辣，负责任，肯定前者更好
c20: <用户名>",0,"Comments are varied, or repeated wording is naturally explained by the topic (e.g., common reactions, factual answers, or repeated questions); no clear multi-comment coordination pattern."
candidate_0086,Train_1,train_481,0,16,0.0,low,0.1569,[],[],[],"c01: 需要工作证明吗
c02: 跨境汇款，线下刷卡可以
c03: 啥时候改的，我是五月办的
c04: 现在存5万，一周内就可以批卡，我是4天
c05: 请问是网申的还是填表的
c06: 最好预约一下，直接去可能不接待
c07: 内地居民、不在香港工作居住，能申请这信用卡吗？
c08: 可以免预约办储蓄户口吗，哪个网点呢
c09: 自助免
c10: 有人知道信用卡到底发什么快递吗客服告诉我说平邮，我心态炸了
c11: 想问下现在我app已经亮了，但还没有邮件通知我信用卡好了，那么寄送实体卡的话是要打热线让他们寄送吗，还是他们自动寄送给我的啊？
c12: 有香港账户的是什么意思？
c13: 早改了，已经不承认其他银行的存款单了，只能存至少5万下卡
c14: 请问人在内地如何汇款去还信用卡欠款呢？无法绑定云闪付怎么使用返现率高一些
c15: 平邮为什么心态炸了？
c16: 有年费吗",0,"Comments are varied, or repeated wording is naturally explained by the topic (e.g., common reactions, factual answers, or repeated questions); no clear multi-comment coordination pattern."
candidate_0088,Train_1,train_1132,0,19,0.0,low,0.2328,[],[],[],"c01: <用户名>
c02: 确实 车上要是有北大的脑子 那我就先睡会儿
c03: 我不想读博，但想让对象读博
c04: 嘿 还整了段单押
c05: 《行测考不到60》《那还是读博吧》
c06: 什么情绪不稳定高智博士×游刃有余法律生组合
c07: 惊喜博士男朋友
c08: 卖在职博士的
c09: 不是说国内的博士终身海底捞69折码？？难道是我国内的朋友骗我md？？我还感叹了好久md不如回国读
c10: 笑死了 我也是感觉我这个学校给我的光环就是：打推理本疯狂推土，然后朋友只会感叹一句：哇，北大的脑子就是好使
c11: 这是个梗，意思是国内博士要延毕终身
c12: <用户名> 图7哈哈哈哈哈
c13: “毕业就嫁给你”压力上来了
c14: 难不倒你
c15: 我会说以后的...院士你好好努力，争取以后包养我
c16: 你发现了华点
c17: <用户名>
c18: 啊这博士海底捞能用吖，你和他说一下去支付宝学生认证，只要学籍在就能认证，认证完就能用了
c19: 是他着急结婚 而我高情商作答 哈哈哈哈",0,"Comments are varied, or repeated wording is naturally explained by the topic (e.g., common reactions, factual answers, or repeated questions); no clear multi-comment coordination pattern."
candidate_0089,Train_2,train_2660,0,20,0.0,low,0.3961,[],[],[],"c01: 这俩形象都是从殷郊传说分裂除来的，哪吒融合了佛教，红孩儿在哪吒的基础上二次演变
c02: 红鞋儿和哪吒的衣着都很像
c03: 图一，那只血手是哪吒的吗
c04: 刀子就水灵灵的翻出来了
c05: 这么说来，太2真人手艺还蛮细致，看不到的地方都照顾到了
c06: 宝宝
c07: 是西海龙王的三太子
c08: 红孩儿把哪吒认成女生过自从哪吒光溜溜在他面前走过少男心就破灭了
c09: 红孩儿被藕把吓到了
c10: 烈烈是三太子吗
c11: 哪吒的妈妈好像没有出场过是不是没有封神去世了
c12: 但是生前是男孩，所以还是维持男相~
c13: 图一是第几话
c14: 是的
c15: 哪吒重生之后不是应该无性别么
c16: 他也只是一个孩子啊，做了噩梦也只能抱着被子
c17: 是自刎时的回忆吧
c18: 哈哈哈哈哈
c19: 在红孩儿不知道哪吒是男孩子前就喜欢哪吒了啊哈哈哈哈哈哈
c20: 确实不好分，但是头发好分哈哈哈",0,"Comments are varied, or repeated wording is naturally explained by the topic (e.g., common reactions, factual answers, or repeated questions); no clear multi-comment coordination pattern."
candidate_0090,Train_3,train_2357,0,18,0.0,low,0.1203,[],[],[],"c01: 有哒，跟拳头一样大，但是我买了尝了下不是很甜。
c02: 那堆苍蝇是怎么回事
c03: 是啊 都想买点尝尝
c04: 这是什么？小茄子嘛
c05: 这是哪？
c06: 昆明如果上午到，晚上就要坐飞机走了，推荐去哪里买些东西回家呢？
c07: <用户名> 我们找一天早上去逛逛
c08: 辣椒
c09: 再去丽江玩玩，文海村绝绝子
c10: 有没有无花果
c11: 好多好多没见过的！！真的很喜欢这种菜场 尤其是我这里没有的东西
c12: 大观篆新菜市场
c13: 期待住了
c14: 我买了三个释迦三十
c15: 这是哪个菜市场哇
c16: 那是蜜蜂哈哈哈哈
c17: 哦刚买了释迦25一斤 红的 坚果 石榴 买家一堆堆300不到 还有很多水果没那个 蓝莓不便宜
c18: 我感觉机场没有很远，去市里的菜市场都来得及，甚至还可以去市中心玩一圈。不过提前看下出发的登机口是不是在卫星厅，那个需要多预留出一些时间，因为安检完还要做捷运。",0,"Comments are varied, or repeated wording is naturally explained by the topic (e.g., common reactions, factual answers, or repeated questions); no clear multi-comment coordination pattern."
candidate_0091,Train_1,train_2643,0,20,0.0,low,0.096,[],[],[],"c01: 因为他们在玩俄罗斯方块
c02: 是不是抄ppt？国内也有呀，我们上课时全班同学举起手机拍ppt再抄写在笔记本上，老师仿佛身处新闻发布会现场。
c03: 学术站姐我本人
c04: 不是，主要是PPT会给啊
c05: 其实我有的时候也抄，帮助自己不要走神
c06: 好崩溃，我上课听到学生在打字就害怕，我就这么点知识含量他们到底在记什么😭
c07: 早已吐槽过
c08: 你们不懂有些老师为了保护知识产权根本不发PPT 更有甚者连拍照都不允许 除了上课疯狂记没有任何办法
c09: 想记的就记，不想记的就不记，这也能吵起来我真服了
c10: 他们在summarize
c11: 因为他们压根没预习 所以要当堂熟悉教学内容而不是听老师讲并且思考
c12: 救命你头像好好笑
c13: 可是ppt是ppt，自己无论是在word上打一遍ppt内容还是手写在纸上抄一遍，都会帮助我更快更牢固的记住知识点，而且记录的过程中很多听课没懂的内容抄一遍就懂了，我也不知道为什么，反正从中学开始就是这样
c14: 你看题了吗
c15: 我也是 而且要整理一份笔记准备期末复习用
c16: 金山打字王笑的我，，
c17: 我第一节课就和学生说了我会照着书讲，不用记笔记，甚至说了两遍，还有很多人记笔记，不知道在记什么
c18: 这波和ip配合上了
c19: 很焦虑啊
c20: 我问过一个白人女生，她说其实就是记老师说的，我说老师讲的不就是资料上的东西嘛，为什么要记，她说这样不会走神",0,"Comments are varied, or repeated wording is naturally explained by the topic (e.g., common reactions, factual answers, or repeated questions); no clear multi-comment coordination pattern."
candidate_0092,Train_1,train_2147,0,20,0.0,low,0.3245,[],[],[],"c01: 是呢，开了半个月了，可能前段时间气温比较高吧
c02: 部分成功
c03: 渐变色哈哈
c04: 失败
c05: 来了
c06: 硫酸亚铁
c07: 绣球后面的菊花好好看，是什么品种啊，在网上购买的吗
c08: 调了，没仔细调，蓝不蓝，粉不粉的
c09: 没有调自己长成这样 可惜我们这太热花好小啊
c10: 你的是黄泥土对吗
c11: 明年再战
c12: 失败咗啊！
c13: 姐妹，你这个好梦幻！
c14: 请问旁边的是珠玉珠卵吗？这个时期也有花？
c15: 成本还挺高
c16: 用柠檬汁去调，原液的PH可以低至2-4
c17: 开了好久啦
c18: 朱玉之卵，🍑买的
c19: 你的朱玉之卵开花啦？
c20: 蕾丝边好好看😻",0,"Comments are varied, or repeated wording is naturally explained by the topic (e.g., common reactions, factual answers, or repeated questions); no clear multi-comment coordination pattern."
candidate_0093,Validation,val_251,1,11,0.0,low,0.0986,[],[],[],"c01: 你为啥一直在抖啊
c02: 求个链接
c03: 好美啊啊啊！
c04: 来了宝宝（品牌名:LULUFAFA -正品是：外模拍摄这家 ）宝宝点个小❤️支持一下的
c05: 毛衣链接链接
c06: 小包包好看，求链接
c07: 喜欢这个毛衣
c08: 太太太美了，好港风啊
c09: 猫七大人
c10: 裙子有连接吗
c11: 包包有链接吗",0,"Comments are varied, or repeated wording is naturally explained by the topic (e.g., common reactions, factual answers, or repeated questions); no clear multi-comment coordination pattern."
candidate_0094,Test,test_720,0,11,0.0,low,0.1629,[],[],[],"c01: 啊……啊……啊
c02: 不是
c03: 别把她想的太好了都是一条黑船上的能有几个有良心的？
c04: 视频看完啦，穿着黑丝
c05: 乔妹一直强调二师娘在直播间打黑悟空，她想表达啥，，太耐人寻味了还是说乔妹想以置顶的方式来告诉大家，小杨嫂也牵扯其中吗
c06: 不是小杨嫂,是大杨嫂
c07: 听着像在喊:耶耶耶
c08: 小杨嫂 卢总 🎷
c09: 妈的还不止一对，这是群p
c10: 《三只羊鸡窝有限公司》赶紧抓起来关个十年八年的，眼不见为净
c11: 真真假假的，跟我们老百姓有什么关系？公道自在人心，觉得他们在骗人的不要去给他们贡献销量就行了。",0,"Comments are varied, or repeated wording is naturally explained by the topic (e.g., common reactions, factual answers, or repeated questions); no clear multi-comment coordination pattern."
candidate_0095,Train_3,train_1834,0,16,0.0,low,0.2738,[],[],[],"c01: t'
c02: 哈哈哈哈哈哈哈哈笑死我
c03: 为啥梅西头上还顶着天使光环😇
c04: 图1啥意思
c05: 图7蛇在哪？
c06: <用户名>🍒 跑了三十个，抓回来38哥
c07: 可能剩下三十只也是外面的
c08: 你没看到下面还有一行字呢
c09: 8只松鼠：不知道啊 莫名其妙就考上编了
c10: 这是珍珠奶茶里面的珍珠
c11: 每天会持续更新有趣内容哦，路过的留个关注呗
c12: 图9，对她老公的称呼确实很到位。
c13: 图三的羊：羊粪蛋你要不要？
c14: 虽然拍这张相片是为了问你红圈的问题，但是左边的俩姑娘更吸睛不是？
c15: 9 是倒过来的 6，打电话的 3 也是倒过来的，乌龙
c16: p6啥意思",0,"Comments are varied, or repeated wording is naturally explained by the topic (e.g., common reactions, factual answers, or repeated questions); no clear multi-comment coordination pattern."
candidate_0096,Train_1,train_846,0,15,0.0,low,0.1466,[],[],[],"c01: @<用户名>
c02: 被骗了！把小狗赔给我
c03: 感谢宝子分享我家口水巾～希望能陪伴它度过快乐每一天！
c04: 交换交换
c05: <用户名> 好可爱
c06: 好可爱
c07: 什么发型呀
c08: 借我们玩两天
c09: 天使宝宝～
c10: 啊，这只小雪怎么可以这么可爱，讲真的，他比我见过的任何一只雪纳瑞都要可爱，像天上的小天使一样!!!我家那一只现在剃了毛像一头秃驴
c11: 其实我们是男孩子
c12: 同一批！
c13: 怎么戴着头套呢宝宝
c14: <用户名> 这个可以
c15: <用户名> 我家旁边有个小雪就长这样，太可爱了，一看就是个小姑娘",0,"Comments are varied, or repeated wording is naturally explained by the topic (e.g., common reactions, factual answers, or repeated questions); no clear multi-comment coordination pattern."
candidate_0097,Train_1,train_1831,0,15,0.0,low,0.241,[],[],[],"c01: <用户名> 好像是这个老师哈哈！刚刷到了第二视角
c02: 我离开广州就什么都有了？！
c03: 小鱼还在吗
c04: 是体育西路那边的吗？为什么我去了没有
c05: 好新奇
c06: 美团外卖可以买到超多名创的潮玩新品我的盲盒谷子是在美团外卖买的~半小时就送到了！
c07: 估计不在了他们都是上午来
c08: <用户名> 我裂开了，我的🐟
c09: 国庆会有吗
c10: 体育西路那边的天河城，北门现在还有痛车装置在
c11: <用户名>🎵
c12: 这几天有痛车巡游
c13: 这个祁煜是哪个老师啊
c14: 偏偏在我走了之后就有
c15: <用户名> 老师在这里！！",0,"Comments are varied, or repeated wording is naturally explained by the topic (e.g., common reactions, factual answers, or repeated questions); no clear multi-comment coordination pattern."
candidate_0098,Test,test_152,0,18,0.0,low,0.1618,[],[],[],"c01: 算舍得花钱吧
c02: 虽然她很甜美，但是95花顶流不是她你是在黑她吧
c03: 确实 如果一个网红账号都是男粉 那这个号就是废了要重新开哈哈哈哈
c04: 她电影票房挺高的 剧也没少演 可能是拓宽了知名度 再加上她顾森湘角色出圈后关注度就高了吧
c05: 主打免费白嫖。抖音点赞评论收藏
c06: 分不清捧杀还是真粉ni也是无敌了
c07: 点赞没用 得有商务价值 她的粉丝基本都是男的 并且都不爱给她花钱 主打点赞 收藏照片
c08: 我真觉得她一般，可能不是我的审美那一挂
c09: 虽然但是....如果他这个都算顶牛，那这个热度算什么
c10: 我去，我就说最近其他的流量花怎么点赞都不行的
c11: 目前95花顶流是赵露思吗
c12: n an粉那么多还好意思说顶流
c13: 她跟抖音有合作 星图就是的 有推流 其他大部分明星是限流
c14: 路人粉从来没刷到她抖音
c15: 她真是突然性的…别人好歹是有个点，一部剧爆了火了带动了数据，她也不是刚玩，以前虽然也不差，但就是是不是破坏个100也正常，现在随便一发那么高，应该和抖合作了
c16: 点个赞嘛，我五岁侄子都能干的事情
c17: 众所周知得女粉者得天下，无论明星还是网红都一样
c18: 90花顶流????",0,"Comments are varied, or repeated wording is naturally explained by the topic (e.g., common reactions, factual answers, or repeated questions); no clear multi-comment coordination pattern."
candidate_0100,Train_1,train_492,0,14,0.0,low,0.0895,[],[],[],"c01: 完结
c02: 攻受中间因为误会分开又在一起了，只是误会没有虐，he！
c03: 有没有教授受霸总攻这个设定的，最好是攻追受，求推荐
c04: 蹲虐不虐
c05: 完！结！了！
c06: 蹲蹲
c07: 不虐，he，甜的
c08: 蹲一个
c09: 谢谢，差点就心梗了，虐死我算了
c10: 完结的
c11: 搜了，评论区说好虐，看不了虐文
c12: 求踢
c13: 啊感觉文案好甜
c14: 受自闭症为啥还能主动去找攻",0,"Comments are varied, or repeated wording is naturally explained by the topic (e.g., common reactions, factual answers, or repeated questions); no clear multi-comment coordination pattern."
candidate_0101,Test,test_338,0,17,0.0,low,0.1641,[],[],[],"c01: 美美嘟<用户名>
c02: <用户名>
c03: 下辈子让我长这样
c04: 是的，而且她的笑感染力超强
c05: 飞天奖结束后直接飞巴黎的
c06: 真的很好看 我之前都没有怎么get到
c07: 高又美
c08: 甜妹也适合，御姐也适合，统统都来
c09: 童子功词儿用的不错
c10: 哇，大美女
c11: 她超级适合御姐，别再拍傻白甜了
c12: 我已经预定了，你下下辈子吧
c13: 笑起来好甜好明媚
c14: 宝选美出道的，应该有点童子功
c15: 她的舒适区她笑起来特别美
c16: 我的天，又飞巴黎了？感觉昨天还在国内
c17: <用户名> 好美好适合",0,"Comments are varied, or repeated wording is naturally explained by the topic (e.g., common reactions, factual answers, or repeated questions); no clear multi-comment coordination pattern."
candidate_0102,Test,test_318,1,20,0.0,low,0.5565,[],[],[],"c01: 回复 韩韩: 我没有找到两张600减60的
c02: 所有的服饰都可以用吗
c03: 回复 英俊的噜啦啦（护~关~la）: 五折券谁还不会领 留个表情我挨个题
c04: 怎么领
c05: 银行卡也可以
c06: 0【长按复制这条邀请码消息，打开小红书即可加入该群】
10月21日前可加入群聊""五折攻略"" CZ1510:/#h
🥭🥬🍏🐰🍈🍋
🍪😳🐹🍎🐦🥐五折作业 纯分享 ！提醒你去领券！
c07: 直接抄作业写的特别详细，我每次大促都是直接看这里不怕蹲不到7【长按复制这条邀请码消息，打开小红书即可加入该群】
10月21日前可加入群聊""五折⭕作业合集"" CZ1510:/#d
🍕😉🐨😂🍑🐱
🍩🍕😘😉🍠🍟
c08: 宽松！拍最小的！
c09: 也不错我腿肉，挑裤子只能买衣服了哈哈
c10: 羽绒服涨价了
c11: 这个外套咋买的这个价格呀
c12: 会很大，你更便宜诶！123！如果你喜欢穿宽大的，能接受男装大件的就可以，这件比很多人买的绿色毛衣还大
c13: 咋买羽绒服呀？
c14: 宝子你穿这个S码是超宽松还是比较正好哇，我卡不知道往大拍还是往小拍
c15: 我买了两条裤子 超级舒服
c16: 大家多看看评论吧，回了一天私信不回了评论都说过了
c17: 羽绒服很简单呀，直接找一个40.50的凑到300（其他店铺参加活动的也可以），然后就用300-150支付券
c18: 姐妹太好看了被你种草啦！123米拿下哈哈顺便问一下姐妹我也168/102穿会很长很肥大吗
c19: 求拉
c20: 是不是要开通京东白条才可以啊",1,Multiple highly similar group-invite/promotion comments direct users into shopping-discount groups; repeated promotional funnel within the same thread.
candidate_0103,Train_1,train_1577,0,12,0.0,low,0.0481,[],[],[],"c01: 农村大席菜新鲜，而且很多洗菜备菜的工作都是亲戚帮忙一起搞，可能会有点灰尘啥的，但绝对没有科技
c02: 🐔:就你清高！我两小时前跟你一样在院里站着呢！
c03: 一般来说，你在农村吃大席，开席前一个小时，你的荤菜还在吃你的素菜
c04: 嗯……我们这儿做酒席，掌勺的是我姨夫爷
c05: 我竟想了半天这是啥事儿
c06: 我觉得农村大席有些菜真的做的很好吃 我结婚的时候在对象老家办酒的时候 那个厨子做菜剩了辣子油 我给装一大罐回来了 夹馒头吃给我香晕了！然后我分了一半给我的好姐妹 她也在家夹馒头吃 香得我俩连续吃三天 过了几天之后发现辣子吃太多 我俩嘴里都上火了哈哈哈哈哈哈哈 她的原话：上火了我也要继续夹馍馍
c07: 根本不脏好吗，以前都是请一个厨子，其他都是村里的人帮忙，还分的很细，我爸一般就负责烧火，大娘们就洗菜，都很干净
c08: 农村大席可能有些扬尘，但是食材不会腐烂、日期新鲜、清洗到位。
c09: 村里做饭的都是我舅我舅妈我叔我伯啥的亲戚，我还能不放心了？
c10: 你今天去吃席，晚上很可能的对话：“今天某某家的酒席办得像不像样啊？”“办得可好，味道不错，鱼啊肉啊都很新鲜//哎呦，今天那佛跳墙里的肉不新鲜啊，味不对，一桌子没人吃”“请谁家做的呀？”然后在村里传开，口碑好的厨师就很抢手
c11: 我上次去吃大席，生蚝，龙虾，螃蟹，都有，虽然因为量大有点老，但味道一绝，碳烤羊排是能单独开一家夜宵店的程度，桌上老人胃口不好，我给炫了一半，我们当地五星级酒店用的都做不到这样，念念不忘
c12: 算了吧，上次吃汤里面有只蛆",0,"Comments are varied, or repeated wording is naturally explained by the topic (e.g., common reactions, factual answers, or repeated questions); no clear multi-comment coordination pattern."
candidate_0104,Train_2,train_226,0,19,0.0,low,0.4497,[],[],[],"c01: 哪个视角呀
c02: 牛津大学也是这样的对称，欢迎报考牛津大学
c03: <用户名> 爽
c04: <用户名>
c05: 好漂亮
c06: 这张能看到腾飞塔
c07: 陕师大也是这样的对称，欢迎报考陕师大
c08: 不严，南门跟着别人混进去就行，跟在后面走
c09: 哈喽，能把这张图原图发我吗，谢谢啦
c10: 这个机位在哪里呀
c11: 当年多少交大师生帮忙挖的，能不框进去么
c12: 看了一圈还是你小子最实在
c13: 好家伙，把兴庆宫都拍进去了，不过无所谓，交大后花园
c14: 对面公园也是交大的
c15: 有同学能带带我进去逛逛吗
c16: 床也是对称的，咱们好好睡觉吧
c17: 中楼经常迷路，一年了
c18: 好家伙，公开抢生源
c19: 路痴学生福音",0,"Comments are varied, or repeated wording is naturally explained by the topic (e.g., common reactions, factual answers, or repeated questions); no clear multi-comment coordination pattern."
candidate_0105,Train_2,train_3079,0,14,0.0,low,0.219,[],[],[],"c01: 嘻嘻和不嘻嘻 哇咔咔能拿图吗下次分享到微博
c02: 但是真的好可爱🥰！这次好多新的照片！zoey看这些照片会不会被自己萌到！超可爱呀～～抱抱
c03: 我也好震惊如此高清如此live，一点没有年代感
c04: 妹宝的小时候都是live图了
c05: <用户名> 妹宝还有多少没放出来啊
c06: 谁家小孩从小就穿古驰 杜嘉班纳 背爱马仕啊
c07: 爱你的人最能把你拍的灵活生动！！妈妈拍的的zoey无时无刻体现了这点
c08: 有人出生就在罗马，有人出生只配当牛马
c09: 我果然是老了，看见有人发自己的小时候是发的Live图
c10: 阳光明媚可爱聪明漂亮天真烂漫的爱豆
c11: <用户名>
c12: 要是live有声音就好了但是可能涉及隐私 这样看也挺好
c13: 开心🆚不开心
c14: 真的是呆呆嘟嘟的！！太可爱了 ！妹宝我这几天刚开学 但是不知道为什么特别特别累宝宝你初三的时候累不累我真受不了了",0,"Comments are varied, or repeated wording is naturally explained by the topic (e.g., common reactions, factual answers, or repeated questions); no clear multi-comment coordination pattern."
candidate_0106,Train_2,train_2239,0,18,0.0,low,0.0642,[],[],[],"c01: 宝宝你长得好漂亮。。。。。。。。。军训辛苦啦拍拍拍
c02: 宝宝求求p1口红好美
c03: 老师你好美！！
c04: 三秒内亲不到引爆地球。。
c05: omg。。
c06: 好萌....
c07: 💔我们只有一个
c08: 谢谢宝 很会化妆的小姐姐一枚
c09: 宝军训最好不要带美瞳呀，这样不安全哦
c10: 小美女
c11: 每训一天都感觉离死亡更近一步
c12: 好可爱求美瞳
c13: 姐姐好米！！！
c14: 哈哈哈美术生军训，发动三战吗？而且我觉得集训背的那种大包也算长征了哈哈哈
c15: 能的 但是单单站一天都很累 训完只想休息
c16: mac997 很百搭的色号谢谢宝
c17: 月饼
c18: 校内军训晚上下训了不能到处自由跑吗",0,"Comments are varied, or repeated wording is naturally explained by the topic (e.g., common reactions, factual answers, or repeated questions); no clear multi-comment coordination pattern."
candidate_0107,Train_3,train_692,0,19,0.0,low,0.1175,[],[],[],"c01: 人家找到了你说你气不气
c02: 不报警等什么呢
c03: 扩列 06 大一 enfj 想找聊得来的英语搭子！一起学英语 备考四级 我比较害怕社交 现实唯唯诺诺 一样蹲个和我同样本科 大一或者大二的搭子
c04: 只要学校没有放人进去应该不会丢的，以后放宿舍一定要锁起来
c05: 怎么样，找到没？
c06: 要不学校协助找到人让赔钱，要不让学校赔，好好的学生交住宿费让别人进宿舍把电脑偷了，就是学校监管不行，本来就不该你去找联系方式解决，要不报警要不让学校给个交代
c07: 找到了
c08: 可以买平板写电脑比平板贵
c09: 嗯嗯
c10: 救命我的电脑也放在学校
c11: 报一次警就老实了。无论你丢啥都找不回来。
c12: 后续
c13: 找到了，后续在置顶
c14: 一直审核不过只能拼音代替
c15: 导员说今天先帮我和后勤处沟通，尽量内部解决，我准备明天去报警，不过报警也是查监控，楼道监控说是施工时没开
c16: 当时发完帖子就bj 了，但是pcs也只是给学校授权让我查监控，没有力岸的那种单子（第一次报警，我觉得应该有单子才叫li an吧反正很敷衍）我查了一天的监控也没找到，感谢了我们导员帮我和后勤处和领导沟通（她人真的挺好的） 已经接受自己电脑找不回来了，结果最后抓马的事情来了：我的书包连着电脑在墙缝里大家也看见我发的宿舍的图非常的乱很多东西被破坏和乱扔，我的书包被他们碰到柜子后面的墙缝里了，当时打扫宿舍也没有发现，最后偶然发现了，只能说一定保管好自己的东西一旦出事学校只会推卸责任，反正我们学校是这样的没人会管你的利益。 有极少部分认为我活该的我只能说我交了住宿费也锁好门学校没有提前通知让工人进宿舍
c17: 怎么样了 现在才刷到 想知道后续
c18: 看不见啊
c19: 我有平板，但是怕论文格式不好在平板上弄",0,"Comments are varied, or repeated wording is naturally explained by the topic (e.g., common reactions, factual answers, or repeated questions); no clear multi-comment coordination pattern."
candidate_0108,Train_4,train_1347,0,18,0.0,low,0.2105,[],[],[],"c01: 所以一直吃不会腻吗
c02: 减脂餐不能完全没油脂的啊喂，加一丢丢优质脂肪比如蛋黄、芝麻油、橄榄油是有必要的
c03: 我吃牛肉 bm
c04: 哇这个南瓜怎么做的啊
c05: 我都买新鲜虾，现在虾便宜
c06: 吃虾仁和牛肉哪个掉秤更快
c07: 我还以为减肥要吃鸡胸肉…花了一个半小时做的，最后进了垃圾桶
c08: 早就不吃鸡胸肉了…又柴又腥
c09: 吃椒盐虾啊，好吃些
c10: 因为吃多了，钱包会饿死
c11: 就吃，你能拿我咋样
c12: 我吃牛肉钱包比脸还干净但是是真掉秤
c13: 多少一斤
c14: 虾仁有没有现成的啊，在校生没有锅
c15: 放块红烧肉在这里 别偷吃啊
c16: 我怎么吃减脂餐，拉不出来啊，因为本来就吃的少，然后没油脂，我自己本来就有点便秘，怎么办呀，怕便秘长痔疮啊，难道要放弃？
c17: 但是吃了我还想吃零食
c18: 我真的不会ε=(´ο｀*)))唉",0,"Comments are varied, or repeated wording is naturally explained by the topic (e.g., common reactions, factual answers, or repeated questions); no clear multi-comment coordination pattern."
candidate_0109,Train_2,train_980,0,7,0.0,low,0.0055,[],[],[],"c01: 好吃吗？
c02: 国庆可以安排起来
c03: 这个巨好吃
c04: 哇去
c05: 不错
c06: 本人男，恋爱脑，特别特别粘人！！！！！想找一个非常深情，有占有欲的，也想找个恋爱脑，嘎嘎深情，有时社恐，消息秒回(不一定→_→看到了就会回)几乎长时间在线，圈子干净，不三分钟热度，你留我加，情绪稳定，无暴力倾向，四肢健全，从小独立呼吸，会背九九乘法表，圈子干净，没有异性朋友，下雨知道往家跑，冷了会穿衣，饿了会吃饭，看到路边的一条狗都会汇报，想找个女朋友，头像可以换，要活跃的那种会叫乖乖，宝贝，宝宝，......的女生，犯错了会凶，凶完了会哄的，喜欢那种会吃醋的，有一点占有欲很强又温柔又黏人的！！！
c07: 好想吃",0,"Comments are varied, or repeated wording is naturally explained by the topic (e.g., common reactions, factual answers, or repeated questions); no clear multi-comment coordination pattern."
candidate_0110,Test,test_347,0,20,0.0,low,0.0419,[],[],[],"c01: 我就是因为皇帝太老配不上那些娘娘至今看不了这个剧，娘娘的剪辑看了很多，实在受不住娘娘受苦跟着这个老登，特别难受，剧里的男的没一个能看得上眼的
c02: 一到侍寝的片段我就大段跳过，实在看不了一点，电子榨菜在此刻起到一种抑制食欲的作用
c03: 我也是，还有那个冬天在碎玉轩找甄嬛聊天，看到淳儿想起来她十六七，白天还跟甄嬛调情晚上叫淳儿侍寝，天呐好恶心
c04: 皇上當時真的沒法子呢 眼看嬛嬛總覺得跟自己疏離 就用這屎計看能不能讓嬛「皇上！！臣妾不開心！！」他就想要嬛像華妃那樣使小性子的去愛他 可惜不可能了他這樣的行為在嬛眼中充滿着噁心
c05: 啊这幕一看，真的好恶心，这糟老头子太反胃了
c06: 想看熹妃吃醋
c07: 菀菀，菀嫔；熹妃，禧常在
c08: 替身文学可给他玩明白了
c09: 这个胡子可真显老
c10: 不，她想用浣碧试探甄嬛，真正目的是甄嬛的亲妹妹玉娆
c11: 我觉得最恶心是他在花园看到玉娆，伸手就想去牵玉娆。我站在玉娆的角度一个能做我爷爷的人色眯眯地来牵我，我都要恶心得吐几天
c12: 请皇上绕过奴婢
c13: 熹妃回宫后还有过一段温情时光，生了双生子后越来越恶心了，四大爷看着面相都变了
c14: 这段感觉黄桑在开玩笑。玉娆是真喜欢
c15: 这个死胖橘是故意试探，假装看上了浣碧，其实想要玉娆，要是浣碧真的可以，这老登就会更快对玉娆下手
c16: 老登儿
c17: “臣妾的陪嫁丫鬟就剩一个了”，皇上还记得另一个是怎么没的吗
c18: 浣碧这个饶过我当时看的时候差点笑死
c19: 老头子一把年纪，还好色，浣碧大好年华才不愿意伺候呢
c20: 老东西，我是果郡王（大帅哥）老婆",0,"Comments are varied, or repeated wording is naturally explained by the topic (e.g., common reactions, factual answers, or repeated questions); no clear multi-comment coordination pattern."
candidate_0111,Validation,val_174,0,10,0.0,low,0.1456,[],[],[],"c01: 双洁1V1嘛
c02: 好奇为什么作者关了评论区，评分也才7.7
c03: 这本我感觉低开高走后期父子线很戳我但是想看打脸爽文的不用看了，这本主要是放下与自我和解
c04: 莫名其妙就是很强是吧，莫名其妙就是怎么都不会死对吧
c05: 应该是怕有不好的言论影响到他吧，我个人觉得这个小说很好看
c06: 这个作者的文都很酸爽，并且不要带脑子，剧情全都莫名其妙的没有逻辑，而且没有火葬场爽文部分，基本到火葬场就腰斩了。我全订了但是属于看两段要退出去思索一下人生再回去看。像吃小众食物时“为啥要吃？？为啥停不下来？？”的心情。
c07: 我也看了两遍哈哈哈真的很好看
c08: 是吧，就是感情线看的有点莫名其妙的
c09: 我第一遍跳着看的，没看懂，第二遍看觉得超好看（就是完全没猜到cp）
c10: 一般，人物心理描写和对主角的感情转变过于生硬",0,"Comments are varied, or repeated wording is naturally explained by the topic (e.g., common reactions, factual answers, or repeated questions); no clear multi-comment coordination pattern."
candidate_0112,Train_2,train_2749,0,20,0.0,low,0.0704,[],[],[],"c01: 狐狸知道他是美男鱼？眼泪会变成珍珠？
c02: 看原著锦觅说河里有媳妇，是在暗戳戳秀她和凤凰的恩爱，因为她后面还跟棠樾说“当初你爹（凤凰）就是非要咬着你娘（锦觅）的钩上来的！”电视剧里有没有说这句话我忘了。还有“一个人在心上，一个人在远方。”这种话是作者在原著结束后的完结感言里说的，跟锦觅没关系，因为原著锦觅唯爱旭凤，原著锦觅也从来没说过这种话，也不知道电视剧里为什么要把作者的完结感言按到女主头上.......
c03: 本来也算是说姜太公钓鱼，愿者上钩，本来都是逗他玩的，原著不是钓的鱼，是在魔界忘川钓幽魂，旭凤确实是自己上钩的，美男鱼这个应该是锦觅曾经说过，但和后面钓鱼没因果关系，剧里虽然锦觅不爱润玉，但也承认他对她的感情，所以也算是个远方
c04: 但我觉得加戏的另有其人啊 那个女二魔尊公主跟她的小侍卫戏份也太多了 他俩的故事跟主线没有半毛钱关系 而且当时邓伦轧戏好几天来不了剧组都没法开工了才给男二加戏的 你可以去查 他亲口说的
c05: 我看的时候感觉没那么多疑问，刚刚看你的那个问题的时候也感觉能理解，读第二遍的时候，我又不理解有疑问了有时候问题太多不是件好事
c06: 白月光和红玫瑰的意思吧，原著里她和润玉的相处也是亲亲抱抱的，灵修是旭凤自己没忍住，锦觅啥也不懂被欺负了，没有陨丹裂了这回事。原著最后说的这句话，据说作者按这部人设又写了一部现代的，那里的“锦觅”选的是“润玉”。只不过现在是男女主只爱对方不爱其他人这种人设比较吃香，剧里锦觅一直抗拒润玉，最后这句话就显得怪怪的
c07: 推荐这个作者另一本书 差不多算是润玉和锦觅人设差不多的 有点像转世
c08: 对，如果棠樾是她和润玉的孩子这一切和她说的话就贴切了，但是棠樾是她和旭凤的孩子她说这话就莫名其妙了
c09: 这部剧播的时候男二加戏被骂惨了，不能因为伦子离开娱乐圈就否认这个事实啊
c10: 你说的才正常
c11: 每个人都会遇到两个人，一个我爱的人，一个爱我的人，仅此而已，无需多想。
c12: 你这属于强行解释了，一只鸟和一个霜花秀恩爱是怎么联想到钓鱼的，在说了他们两个不是锦觅更主动吗，要死要活的非要跟旭凤在一起也是她呀。虽然她跟润玉不可能但是她这句话看过剧的都会联想到润玉啊，她这句话相比旭凤不是更贴切润玉吗？
c13: 书名是什么呢
c14: 一人在心上，一人在远方———就是纯纯恶心人的。锦觅从没有喜欢过润玉。原著里女主跟儿子喜欢在忘川钓鱼，跟儿子吐槽，你爹当初就是咬着直钩非得要钓上来的，因为锦觅当初有陨丹，绝情断爱，结果旭凤都能爱上锦觅。
c15: 凤凰属于亲妈不爱但是观众爱死的男主，民选的。
c16: 肯定是那个狐狸爷爷教的啊
c17: 后面没意思😐看到凤凰抢亲就可以了. 最后那句话可以完全忽略（因为根本前言不搭后语）
c18: 这本书的作者自己当编剧改编的，她不喜欢凤凰的人设，所以剧里把润玉彻底按照男主的规格写的，所以整个剧看的非常的割裂，而且很多的凤凰的重要剧情全部移交了润玉，作为坚定的凤凰党当时看到最后直接无语了，直接弃剧了
c19: 用美男鱼形容旭凤理解不了，况且男二还是个美男鱼还跟女主有感情戏更理解不了了，太不严谨了什么都想要就变成这种矛盾的关系。更贴切书里三个人的关系。
c20: 看见了就想搞清楚",0,"Comments are varied, or repeated wording is naturally explained by the topic (e.g., common reactions, factual answers, or repeated questions); no clear multi-comment coordination pattern."
candidate_0113,Train_2,train_1888,0,19,0.0,low,0.2556,[],[],[],"c01: 说起这个前几天还看到有人问公孙止练这个功不能沾荤腥，那他自己牙龈出血怎么办
c02: 实际上是都成高手了啊，林平之岳不群练完都突飞猛进
c03: 《神雕侠侣》中的公孙谷主“阴阳倒乱刃法”练得炉火纯青，用此刀法一度把杨过打得很狼狈。但是公孙谷主只因为喝了蘸过裘千尺带血的茶水后，居然武功就这么被破了……
c04: 按照绝代双骄最后，小说的交代，移花宫的明玉功练到最高境界，运功时內劲会形成一个漩涡，能吸收别人的功力，就跟北冥神功一样，但描述的比北冥神功牛逼，说是周围空间的能量都能被她吸走。但是燕南天的嫁衣神功能随心所欲，想打多少功力就打多少，明玉功吸不走一点，对燕南天无可奈何
c05: 谁愿意做那个给别人做嫁衣的人呢
c06: 这种可以骗掉次数，剑啸江湖的剧情，就是只能用三次，一次被配角牺牲自己逼出来，第二次被镜子布置的迷魂阵骗了，第三次用完就死结果他自己也怕了，没用出来就被打死了
c07: 段誉：我寻思这不是人人都在练嫁衣神功吗
c08: 啊，这个不是练到顶然后自废武功重练就能突破吗，嫁衣神功就寓意新娘出嫁前一天晚上脱掉衣服换上嫁衣
c09: 大旗英雄传的嫁衣神功是因为威力至阳至刚，身体无法承受只能传给他人。绝代双骄是意外发现第二种练法，破而后立，废功重新再修炼一次，身体经脉能二次受到滋润修复，可以承受住嫁衣神功第九层的威力。
c10: 神鵰俠侶裡面，絕情谷主公孫止家傳的閉穴功夫，被裘千尺一碗血水就破了，還諷剌說，難練易破，不練也罷。
c11: 之前看一个港剧里有个武功叫终极魔功，大致效果是可以无视条件秒人（一次只能秒一个，无视各种等级差和护体效果），但是每次用都会折寿，一个正常寿命的人一辈子大概也就用个3-4次。但是呢，又因为他的秒杀效果，谁也不想先上去把反派的寿命耗掉当炮灰……
c12: 是说给别人做嫁衣裳，自己穿不了
c13: 原本练这个武功的可能是一个女子练会之后传给自己的情郎。作为自己的嫁妆。
c14: 欲用其锐 先挫其锋
c15: 喝血水沾荤腥是破了闭穴法门。相当于去了一层buff。。。
c16: 正解
c17: 一个家族练两套出来，然后按爷爷传孙子的传法，就可以实现家里代代有高手了
c18: 有没有一种可能创造这个功法的人就是不想吃练武功的苦或者资质能力有问题？然后他就创造一个武功让别人练，然后就像修真小说里面夺舍一样。吃现成的。
c19: 最傻的还属辟邪剑谱了，让现在人都以为割了用不了多久就能成为高手，也不看看能修炼成为高手的有几个",0,"Comments are varied, or repeated wording is naturally explained by the topic (e.g., common reactions, factual answers, or repeated questions); no clear multi-comment coordination pattern."
candidate_0114,Train_1,train_1035,0,14,0.0,low,0.068,[],[],[],"c01: 我一直认为牛没办法作为宠物的原因是因为现在人太多了导致家太小了，不然各个带院子养个牛也是没问题，牛很有灵性。
c02: b站有个up，叫做 一只小九九丫 。他的视频基本就是拍拍自己养的各种动物。一两年前他单独买了一只小羊，然后每天被顶。那个羊角很尖，羊力气又大，能把不锈钢盆都顶凹进去，最近他实在忍不了了把那个羊阉了
c03: 鸡也是乖乖的，通人性小时候把染色小鸡养大过，很懂事。鱼也好，看品种会互动
c04: 哈哈哈，我看到了，专攻下三路
c05: 说羊就说羊，咋还拉踩我们兔兔，兔子很聪明的
c06: 养过羊才能知道为啥西方国家里羊会是恶魔的标志，首先羊是杂食性动物，可以说啥都能吃，一口一个小鸡崽、小鸭崽，然后配合上羊的面无表情和矩形瞳孔，恐怖谷效应拂面而来，其次羊真的非常非常喜欢用角顶东西，有时候就站在那边什么事都没干，二话不说零帧起步动角顶人，我是非常怕羊这种生物的，只要被羊顶过，没人会对这种动物有好感！！！
c07: 我觉得还是挺可爱的
c08: 感觉牛好惨哦，灵性真的很强，体型太大很难当成宠物去养，也因为体型大被拿去做苦力，被当成最日常的食物
c09: 我不懂书上为什么宣传羊温柔，羊非常非常倔，而且喜欢用角顶人，看不出任何表情变化，那些书上说羊温柔的有没有真的接触过羊？
c10: 兔子确实聪明，我家的那个踏马的只要一吃红烧排骨就立起来站在我们桌子旁边看着，直到给一块现在被养的坚决不吃素菜，只吃肉，每天像遛狗一样带着在小区里遛，一喊名字就跑回来
c11: 牛真的非常非常通人性…我家是内蒙的，我知道
c12: 很多人养羊当宠物啊。我以前在美国南边住的时候见过很多家里养羊的，小羊崽子超级可爱
c13: 牛真的好。一双大眼睛深情的望着你，一个大脑袋轻轻的贴着你，它安安静静的吃草，反刍，你靠在他身上睡觉，你睡醒了他也吃饱了，然后它陪着你慢悠悠的晃回家
c14: 这张照片配得真的有点吓人",0,"Comments are varied, or repeated wording is naturally explained by the topic (e.g., common reactions, factual answers, or repeated questions); no clear multi-comment coordination pattern."
candidate_0115,Train_2,train_1395,0,20,0.0,low,0.1594,[],[],[],"c01: 而且美国对标的是中国不是公司，你应该写信“告到中央”，让他们去禁苹果
c02: 唉，我就不喜欢华为，给我多少钱我都不换华为，这玩意谁喜欢谁用。越来越讨厌这个品牌了
c03: 我现在看到把爱华为等同于爱国就想吐🤮我爱国，但不爱华为
c04: 美国禁止华为手机和华为的一切产品设备，已经属于国家行为了，难倒我们这样禁止或者拒绝就有错？即使真的不被控制也没有错呀，你们不是讲自由吗？你们个人有个人的自由，公司有公司的自由不可以吗？
c05: 国企早几年就禁止外国手机了还没补贴呢
c06: 我就纳闷了，就他们这个智商，是如何开公司的？
c07: 因为没炸之前，中东人也一样这些电子产品是安全的。
c08: 国人固有思维，国外的都是好的，国内的都不行
c09: 不要用华为道德绑架国人了
c10: 初中生呗，就这样
c11: 最近看新闻了吗？会被编入程序引爆（虽然目前被引爆的不是苹果 但西方的产品现在都不安全） 都是移动的炸弹 关键是苹果自己都发声明说正常情况下不会爆炸（不正常情况下就是会的喽?）老美为什么担心我们的新能源汽车说是会被引爆 恩 因为他们自己干过 天天说我们会对他们国家安全造成威胁 因为他们有这个计划 只是没实施而已
c12: 众所周知，日韩都支持本国产品，特别是汽车这样的支柱产品。不知道为什么一提到支持国货就有很多二极管言论，比如那你先把手机扔掉，里面有外国芯片，云云。我认为优先国货就是在能替代的情况下 ，尽量选择国产品牌和国产化率最大的产品，只有自己的品牌才，才能在产业链中占据主动地位。
c13: 我从来不觉得华为比苹果好，感觉华为比苹果差了太多。各方面，无论做工，流畅度，屏幕颜色，安全性，无捆绑软件。
c14: 你先看明白为什么炸吧
c15: 爱买不买，不差你一个
c16: 这是咋回事？？民粹吗这不是
c17: 华为手机比苹果好用，只是价格贵点，为什么有人不承认华为比苹果好这样的事实呢
c18: 你真搞笑，爆炸原因很多，听风就是风，你的小破手机 能影响国家什么，危害这么大早就禁止了，不好用就是不好用 ，整这些花里胡哨的，
c19: 没问题啊，谁提出谁给钱换呗，建议全部推行，让大家都用上华为，完美解决问题
c20: 连国企都不敢这么明目张胆限制个人选择，这特么还发公文，当劳动局不存在啊",0,"Comments are varied, or repeated wording is naturally explained by the topic (e.g., common reactions, factual answers, or repeated questions); no clear multi-comment coordination pattern."
candidate_0116,Train_3,train_2525,1,11,0.0,low,0.0553,[],[],[],"c01: 我就蹲这，有群踢我
c02: 蹲进群
c03: 很多啊
c04: 怎么进裙
c05: 有没有平安扣呀
c06: 啊啊啊我也想进群
c07: 嘿嘿㊗️页的裙有
c08: 哈哈 老板 方便入个群吗
c09: 蹲一个进群
c10: 我就默认大家滴滴我的就是不着急了。一起蹲
c11: 想进群",2,"Many comments request entry to the same group; repetition is suspicious but may be an organic response to a group-invite post, so ground truth is uncertain."
candidate_0117,Train_3,train_2026,0,20,0.0,low,0.3547,[],[],[],"c01: 清华逻辑学147难怪可以教少爷
c02: 哈哈哈哈第一套一做一个不吱声
c03: 宝，这个逻辑学是考二硕时专业课的分数，我复试也没过，所以最后我二硕也没有考上清华～我们机构有很多老师本科其实也没有那么好，都是工作之后自己又努力刷分，又攒钱出去留学的，回来照样赚得很多，所以不要妄自菲薄啦，努力提升自己就可以啦～
c04: 哈哈哈哈哈太有意思了😂
c05: 我是真的觉得这些孩子很可爱，就是打工过程中的趣事罢了，“少爷”“公主”也不是阴阳怪气的那类称呼。上纲上线讨论资产的评论我会删除。
c06: 是，不过也不算啥，还有150大佬呢😂
c07: <用户名>⁷ 我靠清华啊怪不得能教少爷
c08: 我是正课老师哈，不是助教
c09: 看到剑16突然背后发凉
c10: 姐姐，还带学生吗？假期上课的那种
c11: 哈哈哈哈哈我的每一个可爱的女学生都是公主大人
c12: 啊，这就是高考分高的好处……谁说好好学习没用的我一个末流一本的二本专业生这种想都不敢想只能教一节课80的
c13: 我老师2k一节课，饭点点高级餐厅外卖给老师也点一份，也没叫我公主，哭哭🥹
c14: 以及，我这不是家教…我在机构在机构在机构…在头部机构…别再私信问我在哪里找的客源了
c15: 嗯嗯，可以哒～可以私聊～
c16: 笑死了，这好像是雅思助教？<用户名>
c17: 我年轻的时候教过一个黑帮大佬家的儿子。家里长辈介绍的，还不好推辞。
c18: 清华学逻辑学147……
c19: 卧槽清华逻辑学147，，，是考了147分吗
c20: 不不不，我不是清华的，我只是考过清华哈哈哈",0,"Comments are varied, or repeated wording is naturally explained by the topic (e.g., common reactions, factual answers, or repeated questions); no clear multi-comment coordination pattern."
candidate_0118,Train_2,train_1972,0,16,0.0,low,0.0552,[],[],[],"c01: 可别谁看了这个帖子里说的“小学生水平的日语考试”还有“虽然聊聊的面试”给骗来日本留学了，我只能说难度完全不亚于国内高考甚至更复杂，面试 论文考试 笔试 复杂的专业性用语面试尤其是读本科难的一批 这个帖子纯属误人子弟
c02: 有一说一，日本是真给留学生减学费，一般只要平均每年达到总学分的60%就可以减免，比日本人少30%学费，成绩好一点的奖学金可以更多。而且补助给日本人补的也给外国人补。该夸的地方夸，该骂的地方骂。
c03: 上面有人说本子 看中国人就像越南菲律宾一样 一听你是中国人就变得微妙了 是这样么请问 是造谣还是真的 他们几乎都这样么……
c04: 那些黑人不也一样，你当是个非洲黑人就能来中国留学啊，那至少一亿黑人过来，能过来的也都是当地有钱人了，非洲首富还比不上中国人有钱啊
c05: 谁拿日本税金换成奖学金帮我交一下秋季学期学费 9.30截止 先提前谢谢了
c06: 不不不有天壤之别。日本曾经提出来“利用旅游带动经济” 吸引有钱家庭的孩子留学，不就相当于长期在日本旅游，在日本消费么？ 这些生活费，可不是本子政府的补助，而是有钱留学生在原本国的资产， 用一张毕业证学位证，换取这么多资金流入，本子上头都乐开花了，也就某些底层小本子搁哪抱怨
c07: 幽默
c08: 一年学费200万也没听说有减免啊🤔
c09: 啥大学啊 让我涨一下见识
c10: 但是听说现在奖学金中国人也不好拿了，现在日本觉得中国人有钱了，名额都给越南人或者其他穷的国家了。
c11: 你看第二页，人家说了是排外小作文
c12: 反正我两年修士学费是全免的 还有两年奖学金
c13: 正规大学你想认真学真的不简单的，我个人感觉比中国难得多，我经常学期快结束的那些时候连续熬夜到凌晨四点五点
c14: 面试那里是真难崩，面的池袋小东大是吧
c15: 日本读研难度怎么样
c16: 食物很脏，吃了会拉肚子",0,"Comments are varied, or repeated wording is naturally explained by the topic (e.g., common reactions, factual answers, or repeated questions); no clear multi-comment coordination pattern."
candidate_0119,Train_1,train_3323,0,8,0.0,low,0.0156,[],[],[],"c01: 试过的姐妹举手🙋🏻‍♀️
c02: 别用，我之前小腿起鸡皮用过，结果破皮流血了，最近才刚刚好，而且维A这东西你敢用?
c03: 维A酸乳膏不要乱用
c04: 之前我小花园和大腿根都是黑的，虽然没有关系，但是真的很不好看，我朋友就给我推荐了一款膜，真的粉了
c05: 原理就是去角质？
c06: 简单，直接用搓澡巾一搓就没了
c07: 用过不管用当时涂的膝盖
c08: 为什么呀，我刚买",0,"Comments are varied, or repeated wording is naturally explained by the topic (e.g., common reactions, factual answers, or repeated questions); no clear multi-comment coordination pattern."
candidate_0120,Validation,val_42,0,17,0.0,low,0.5118,[],[],[],"c01: 徐俊大到底是什么梗啊？
c02: 哈哈
c03: <用户名> md笑死我了
c04: 刚遇到林俊杰。身上没纸
c05: 没准是去私信开喷的
c06: <用户名>
c07: <用户名> 笑死了
c08: 那28个想要的也很抽象
c09: 我草
c10: 林後杰
c11: 我记得以前也有一篇笔记，就是在圣所演唱会还是什么活动的时候，那个人让JJ给他签名，他说签的名就是签林俊杰三个字并且把俊划掉再写一遍
c12: 徐俊大都不会这样签
c13: 我看行哈哈哈哈哈
c14: 微瑕，便宜点。
c15: <用户名>
c16: 哈哈哈哈哈哈一半伍佰
c17: 哇哦，你想要多少张，我给你写，250一张，逆风不包邮",0,"Comments are varied, or repeated wording is naturally explained by the topic (e.g., common reactions, factual answers, or repeated questions); no clear multi-comment coordination pattern."
candidate_0121,Train_1,train_1238,0,15,0.0,low,0.2242,[],[],[],"c01: 美受改成普受
c02: 所以这部漫画小说到底叫啥
c03: 月光
c04: 咦是皇子（红毛）x骑士（棕毛）吗还是骑士x皇子，看了会没研究明白
c05: 路人点进来瞅了一眼，这个0挺耐看的也，干干净净清清爽爽的至少符合我审美
c06: 这本叫什么名字啊
c07: 叫什么啊
c08: 小说是啥呀
c09: 啊?攻那么小就认识受了，怎么还有白月光
c10: 一dan上面叫月光
c11: 皇子×骑士
c12: 请问漫画名
c13: 真的很好看！！！！！！但是不知道为什么这么冷，大家快去看啊啊啊
c14: 终于有人推这部了
c15: 年下养成还是烂黄瓜找替身是我最不能接受的",0,"Comments are varied, or repeated wording is naturally explained by the topic (e.g., common reactions, factual answers, or repeated questions); no clear multi-comment coordination pattern."
candidate_0122,Train_4,train_324,0,14,0.0,low,0.1117,[],[],[],"c01: 非洲穷的地方生育率高的很
c02: 你是懂写故事的
c03: 有些地方缺水有些地方水资源很丰富
c04: 日爆巨蜥怪的过程细嗦一下，不缺这点流量
c05: 请问各位大神，国内很卷去非洲发展有机会没
c06: 人不行，没有五千年的不断流的文化传承
c07: 雀食，埃塞北非那边的确实可以称得上是黑珍珠，特别漂亮
c08: 埃塞美女是中国人能欣赏的那种美，很漂亮
c09: 故事写得也非常好，不忘骂一骂印度人。 依据也都有
c10: 丰富个啥哦，说起来好多资源，但最关键的水就很缺
c11: 为什么落后得问英法
c12: 人懒，未进化
c13: 非洲当年很多殖民地。独立后，前殖民者撤离的时候，有些地方还有不少保存完好配套完整的基础设施和设备。如果是中国，当年从日本人和苏联人手上接收的设备，变着法让它们发挥作用运转起来。然而非洲大聪明们偏不，变着法把机器设备拆了拿去换东西。你说他们吃不饱换吃的很合理，但当时有些有钱的非洲人还鼓励同胞做这种事。他们缺乏远见，缺乏有效的组织性。即便独立了，资源也是被少数人垄断，形成一个又一个的阀团，然后一轮又一轮的内斗，政权更替，国家就不断的在内耗中被磨垮了。
c14: 穷的地方不都这样吗，六七十年前咱们这也是啊",0,"Comments are varied, or repeated wording is naturally explained by the topic (e.g., common reactions, factual answers, or repeated questions); no clear multi-comment coordination pattern."
candidate_0123,Train_2,train_1441,0,20,0.0,low,0.0891,[],[],[],"c01: 靓靓
c02: <用户名>
c03: 反手一个关注➕..talk的配文戳中我心❤️
c04: 去去去
c05: 我收藏了嘿嘿，看看消费水准先
c06: 请问这个图片文字什么软件呢？怎么可以做到动图不消失文字
c07: 已安排 已转发
c08: 我转发给kk下次安排
c09: 快回来
c10: 广州人系咁嘅啦 识食得来又低调
c11: 好的
c12: 上榜两家呜呼
c13: <用户名> 我们
c14: 谢谢你！
c15: <用户名>
c16: <用户名>
c17: 收收埋埋甘多
c18: 想你了
c19: 好棒啊啊啊啊啊
c20: 黄油相机就可以哦",0,"Comments are varied, or repeated wording is naturally explained by the topic (e.g., common reactions, factual answers, or repeated questions); no clear multi-comment coordination pattern."
candidate_0124,Train_2,train_38,0,17,0.0,low,0.5396,[],[],[],"c01: 已被评论区吓死等周末去医院检查
c02: 我这种呢...看评论区有点害怕 我上初高中就这样了大概...好像也没什么变化
c03: 去医院看一下真的
c04: 我这个呢
c05: ？？？？！
c06: 有没有大佬告诉我我这个到底是什么 从小学到大学每年都有总是复发 这次很严重…
c07: 我今天去看医生了且做了个ct，医生说我年龄小，痣的颜色也很均匀，没什么关系，后续观察一下，如果不想有风险现在就可以切掉
c08: 这个痣呢 在脚上 我弟弟的我让父母带他去看 父母说没事
c09: 我有了大概20年吧 会变粗
c10: 这咋回事啊每到春天和秋天就有 一开始会长很多很多小水泡 又疼又痒 然后再过几天就成这样了
c11: 你这个是脚气
c12: 你这个真的去看看吧，估计要切
c13: 我这个呢 脖子上
c14: 这是肿瘤吧我靠
c15: 汗疱疹，真菌感染，本质上是因为身体抵抗力太弱了，我小时候也这样，成年后就好了去皮肤科看看吧，我小时候医疗条件不好，医生和我说治不好
c16: 甲母痣？我儿子一岁以内也有，后来长长就没啦
c17: 湿疹！这个好不了，尽量不要去碰洗衣液洗洁精那些，可以擦乳米松乳膏",0,"Comments are varied, or repeated wording is naturally explained by the topic (e.g., common reactions, factual answers, or repeated questions); no clear multi-comment coordination pattern."
candidate_0125,Train_3,train_2489,0,19,0.0,low,0.2324,[],[],[],"c01: 无论看几次都会笑死
c02: 老画风真的超帅 特别好的一对小情侣
c03: 不愧是他赛亚人
c04: 平次表白成功了？？哪一画？
c05: 哈哈哈！(有一丝丝难过，不多)
c06: 😍😍😍😍😍
c07: 当年是贵公子，现在是赛亚人
c08: 追的星人品好不乱搞不塌房突然伤害到我了
c09: 前期每次京极真一出场，就是救园子于危难之中，这搁谁谁不心动啊超级喜欢京极真早期的人设，后面再出场简直就跟换了个人似的
c10: 看我上一篇分享
c11: 哦莫 柯南宇宙真的好多人都长得像。。
c12: 当年颜值还是贵公子
c13: 京极从小被母星送来地球本来是为了沙光地球的人，但是因为从小撞到头所以忘记了自己的使命
c14: 挺好的，在画风好看的时候告白比丑的时候强多了
c15: 😂😂😂
c16: 后面出场就像铃木家的出钱造的高达
c17: 一出场，真的惊艳！！！眼前一亮！哇！结果后面不怎么出现，吊胃口啊简直
c18: 这么多年还是羡慕园子：有不离不弃的闺蜜，有死心塌地的男友，有靠谱的青梅竹马（工藤算一半吧），追星有钱有热情，追的星人品好不塌房，时不时还能磕cp，还能随意看各种帅哥。
c19: 老版阿真 真的好帅",0,"Comments are varied, or repeated wording is naturally explained by the topic (e.g., common reactions, factual answers, or repeated questions); no clear multi-comment coordination pattern."
candidate_0126,Train_1,train_2585,0,19,0.0,low,0.3504,[],[],[],"c01: 拿走拿走
c02: 给餐具消毒清洗不是饭店应该做的吗
c03: <用户名>
c04: 那下次看我喜欢哪根勺子咯
c05: <用户名>🍊
c06: 不让拿，上次我要拿走她说收的钱是消毒清洗的钱
c07: 哈哈哈哈哈哈
c08: 那我也不敢要谁知道干不干净
c09: <用户名>
c10: <用户名>
c11: <用户名>！ 下次，我们也拿
c12: <用户名>
c13: <用户名>
c14: <用户名>
c15: <用户名> 啊？
c16: 哈？
c17: <用户名>
c18: 怕被挂
c19: 啊？<用户名>",0,"Comments are varied, or repeated wording is naturally explained by the topic (e.g., common reactions, factual answers, or repeated questions); no clear multi-comment coordination pattern."
candidate_0127,Validation,val_222,1,10,0.0,low,0.2488,[],[],[],"c01: 請問怎麼約
c02: 好美吖，怎么约吖
c03: 您好想要预约^_^
c04: 怎么约
c05: 怎約？白石
c06: 怎么约呢？
c07: 想约呢？在南素里？
c08: 想预约
c09: 想預約
c10: 私你",0,"Comments are varied, or repeated wording is naturally explained by the topic (e.g., common reactions, factual answers, or repeated questions); no clear multi-comment coordination pattern."
candidate_0128,Train_3,train_3376,1,11,0.0,low,0.0,[],[],[],"c01: 礼貌问价
c02: 什么价格
c03: 私你啦
c04: 已私
c05: 价钱
c06: 什么价
c07: 私了哦亲
c08: 私你
c09: 請問價錢？
c10: 已私~
c11: 价格",0,"Comments are varied, or repeated wording is naturally explained by the topic (e.g., common reactions, factual answers, or repeated questions); no clear multi-comment coordination pattern."
candidate_0129,Train_1,train_354,0,20,0.0,low,0.0458,[],[],[],"c01: @.Zero.
c02: 我也是活的
c03: 吃47
c04: 求推荐
c05: 勇利赵家烤肉坊，很好吃，但是不要吃牛肉，有点老，要吃羊肉烤串
c06: 求地址
c07: 才看到 估计你已经走了....
c08: 如果来旅游吃了好几天陕菜想换换口味，推荐笛雅印度小厨！离景区很近，在永宁门合生汇四楼，真的很香！全西北最好吃的一家印度餐厅！强推！
c09: 蹭流量的吧，遍地都是吃的，看不见就要喷西安，别来就是了
c10: 这个裤带面是真的好吃推荐
c11: 谢谢谢谢，我会一个个收藏的！！！感谢推荐
c12: 问一下在哪儿呀
c13: 强推
c14: 嘿嘿 你真会点 我男友每次从上海回来 连吃好几顿 用他的话说 烤羊肉涮牛肉 他家蜜汁鸡翅 仔肠每次必点 一般会搭一个凉菜 菠菜拌豆皮 烤面包也很好吃 然后会在要一份炒细面 这个其实一般 零零散散点一些牛肚涮豆皮 肥瘦 板筋
c15: 西安就那种一块多一串的烤肉，最好吃，找路边人多的小摊子就行
c16: 这个它不香嘛
c17: 我是活人，去吃爱骅裤带面，便宜好吃量又大，金三烤肉也不错，胖子米皮在我家附近，我经常吃，后宰门十字有一下东北小饭庄，锅包肉和冷面巨好吃，甜甜的，能吃辣的话可以试一下永宁门后面那家西航涮涮，在我心里是全西安最正宗的西航！！邱记开心串串也好吃，火锅可以试试老嫂子（嫂子老火锅），有一个很小众的董冬冬火锅也好吃，不过比较难找，反正你都可以试试，我感觉都挺好吃的，我的宝藏菜单哈哈哈
c18: 还在西安吗，我给你推荐
c19: 本来就是 还不让人说实话 我真服了
c20: 宝 你说 我马上去",0,"Comments are varied, or repeated wording is naturally explained by the topic (e.g., common reactions, factual answers, or repeated questions); no clear multi-comment coordination pattern."
candidate_0130,Train_4,train_1580,0,14,0.0,low,0.1336,[],[],[],"c01: 这是同人啦，原漫是叫防风铃的热血少年漫b站有漫画，比较类似群像漫的那种
c02: <用户名> 没看过，但是偷吃了好多饭
c03: 仙品，仙品呀
c04: 吃了
c05: 所以红头发的男孩子喜欢白毛嘛？黑毛好可怜
c06: 萌，准备出
c07: 叫什么名字从哪儿看
c08: 谁和谁都不知道，就这么水灵灵的吃上饭了
c09: 你们三个在一起好好的
c10: 世界是一个巨大的三人一起
c11: 我想我会一辈子看南通
c12: <用户名>
c13: <用户名> 偷吃一口
c14: 有人能解答一下他们的关系吗有点带感",0,"Comments are varied, or repeated wording is naturally explained by the topic (e.g., common reactions, factual answers, or repeated questions); no clear multi-comment coordination pattern."
candidate_0131,Train_2,train_2947,0,20,0.0,low,0.3786,[],[],[],"c01: 炼化…究竟谁是反派啊
c02: 哈哈哈哈哈是的
c03: 哈哈哈哈哈哈哈哈哈男频是这样的，动不动就纱他全家，顷刻炼化，逆天而行，皇帝老儿这位子你坐得为何我坐不得？
c04: 笑点直逼《婆婆跑过去》
c05: 很简单，我成南通不就是了
c06: 虽然但是，这种反转真的会让平淡看文的我眼睛倏然睁大，平静无波的情绪突然就高涨起来，整个人鲤鱼打滚般快速坐起惊呼“卧槽”
c07: 太伟大了群青老师一句话说出了世间真理。。。
c08: 男频这种小说有时候疯归疯，无脑也确实无脑，但是好在不憋屈。某些女频小说里的人就是循规蹈矩，憋屈到离谱————宗门大师姐，为宗门立下各种功劳结果被新来的绿茶弟子污蔑，搞宗门审判还老老实实让干啥干啥修为能碾压大部分人非要演苦情戏／宗门各种资源是自己找来的结果没一个人站出来支持她就硬演苦情戏（人缘这么差的？）只能说看得下去的多少有点受虐倾向
c09: 竟是棍道尊者
c10: 谁料，反派忽地发出一声娇滴滴的嘤咛，原本硬朗的五官顷刻间竟变得柔和了起来。 主角瞪大了双眼，不可置信地看着反派。 好好的一个大小伙子，竟然眨眼间就变成了一个如花似玉的大姑娘！ 不过主角只是愣了片刻，便回过神来，随后露出一脸坏笑，将反派的衣服一把扯下，将其搂入怀中
c11: <用户名> @་ <用户名>
c12: 男频是真直接把对手吸收掉那种，虽然但是我感觉还挺带感
c13: 这一插戒骄戒躁
c14: 婆婆跑过来
c15: 输的是反派
c16: 你这是看了多少啊都腌入味了
c17: 人山人海雅座一位
c18: 代入男频吃人流
c19: 我们大爱仙尊是这样的
c20: 直男写男同有天然的优势",0,"Comments are varied, or repeated wording is naturally explained by the topic (e.g., common reactions, factual answers, or repeated questions); no clear multi-comment coordination pattern."
candidate_0132,Train_4,train_1099,0,16,0.0,low,0.1557,[],[],[],"c01: 啊啊姜海粼和饭玉欣
c02: 我也觉得哈哈哈哈
c03: 啊啊啊啊偶们的荣幸
c04: 好清晰的感觉
c05: yes好漂亮
c06: 好美好美好美
c07: 啊啊像菜园子和姜海粼
c08: <用户名> 尊滴好爱豆
c09: 卧槽你俩竟然认识 我在面包姐那里看了好几次她和扬扬的签售视频
c10: 求美瞳！
c11: 宝宝😭😭🤲🏻
c12: <用户名> 怎么拍出这种好好看好想拍
c13: 这个漂亮的姐妹真的好像海粼
c14: <用户名> 来看
c15: 都是划分
c16: 朋友有点像宁宁哈",0,"Comments are varied, or repeated wording is naturally explained by the topic (e.g., common reactions, factual answers, or repeated questions); no clear multi-comment coordination pattern."
candidate_0133,Validation,val_24,0,5,0.0,low,0.0181,[],[],[],"c01: 后面感觉他也病态了
c02: 这文笔和想象力，咱就先别发表了吧？
c03: 前面还正常点，后面编的什么鬼，搬也搬点像样的故事吧
c04: 不知道你想表达什么，也不明白你的逻辑，比如破防点在哪？
c05: 喜剧的内核是悲剧",0,"Comments are varied, or repeated wording is naturally explained by the topic (e.g., common reactions, factual answers, or repeated questions); no clear multi-comment coordination pattern."
candidate_0134,Validation,val_472,1,19,0.0,low,0.1255,[],[],[],"c01: 成分尊嘟安心
c02: 内调也很重要
c03: 兰蔻yyds
c04: 看我看我
c05: 适不适合油皮
c06: 还有买小样
c07: 三千多
c08: 看着好
c09: 不敢乱吃
c10: 我全部都是兰蔻
c11: 兰蔻菁纯粉底液吗
c12: 用这个水，还需要小黑瓶吗
c13: 适合的哦
c14: 他的粉底液，巨巨巨好用，我用了一年了，很多人见我都说为什么皮肤这么好的，以为我打针了，可能本来我就皮肤细腻，都是菁纯粉底真的扒脸，妈生感
c15: 用来湿敷就可以吗
c16: 这个好用吗？我班好了就想抗老
c17: 我以前是一直等官方活动囤货，但最近发现了临期价格是真的香！主要它正品又便宜，就是只剩一年左右有效期。不过也没关系，我也省得囤货，用完就买！
c18: 非常好用
c19: 这么贵",0,"Comments are varied, or repeated wording is naturally explained by the topic (e.g., common reactions, factual answers, or repeated questions); no clear multi-comment coordination pattern."
candidate_0135,Train_4,train_1128,0,18,0.0,low,0.1597,[],[],[],"c01: 什么荧光笔呀啊啊<用户名>
c02: 哈哈哈哈真的很香甜
c03: 邓超out
c04: 芜湖~学到了
c05: 第一眼只能看到香香甜甜的葡萄
c06: <用户名> 来学
c07: 好美呀啊啊啊果断关注
c08: 爱了爱了
c09: 同问
c10: 我爱你！
c11: 好棒！直接关注了！
c12: 哇塞
c13: 谢谢你，正愁没事干
c14: 这只荧光笔是点石的吗 什么颜色呀
c15: 什么笔记本呀 求
c16: 字好好看
c17: 是滴 是柔色系里面的颜色！
c18: 用的什么单词书呀",0,"Comments are varied, or repeated wording is naturally explained by the topic (e.g., common reactions, factual answers, or repeated questions); no clear multi-comment coordination pattern."
candidate_0136,Train_1,train_3482,0,20,0.0,low,0.229,[],[],[],"c01: 礼貌问歌名
c02: 有一种假设：""强尼""并不是她丈夫，而是另一个套用她丈夫身分，整成强尼样子的人~战争让一切支离破碎…
c03: 奇怪，这个bo主推的片都好好看，再也不剧荒了
c04: 看完了真好看！
c05: +1
c06: 好心痛的电影
c07: 一样的心疼
c08: 这个剧情特别像小时候看的一个，《正大剧场》演的，女主角被鳄鱼咬了整容后复仇，忘了名字了
c09: 女一是演过柏林的女人？
c10: 在哪里可以看？
c11: 在哪里看的？
c12: 您在哪下载或看？
c13: 对 妮娜霍斯
c14: 他根本就没那么爱她，自然早已记不住她的声音，只记 得她的钱和她的壳——超爱这个结尾的处理，这首歌也好好听！
c15: Speat low
c16: 求链接
c17: 重返伊甸园
c18: 禁止鲁迅夸周树人
c19: 美剧Homeland里面深爱着Quinn的德国特工Astrid！
c20: 她为啥愧疚",0,"Comments are varied, or repeated wording is naturally explained by the topic (e.g., common reactions, factual answers, or repeated questions); no clear multi-comment coordination pattern."
candidate_0137,Train_1,train_2054,0,19,0.0,low,0.3586,[],[],[],"c01: 果断关注，向博主学习。
c02: 冲就完事！
c03: 姐妹，想请教一下具体的复习周期和频率。事业编真是内容太多了，越学越感觉太乱了脑子一片浆糊。你当时第一次学了多久开始复习，后续背诵和复习的频率是多久呢？感谢
c04: 又是仓促结尾，1000字根本不够我写关于学习笔记，思维导图，需要再专门出笔记吗？
c05: 说的货挺干的，期待你的申论
c06: 既然刷到我了，可以不关注，但一定要去主页学够了再走哦
c07: 看「90天上岸计划」那篇笔记，就是用我自己的经历总结出来的，只不过我时间紧，每个阶段再少几天
c08: 谢谢关注！加油！
c09: ！！加油。希望真的可以帮到你
c10: 求公基思维导图！
c11: 全职备考一年了，也差不多这个年纪，挫败感好强，不过看了下学习方法，还是要把握时间冲一把
c12: 异地还是家乡？
c13: 我关注你了，请问要怎样备考事业单位，听谁的课，刷题
c14: 很真实
c15: 常住地
c16: 是正常的！
c17: 必须的
c18: 33岁，感觉就没有记忆了，完全记不住东西，真的怀疑是不是生病了
c19: 好！重复背！！向博主学习！！",0,"Comments are varied, or repeated wording is naturally explained by the topic (e.g., common reactions, factual answers, or repeated questions); no clear multi-comment coordination pattern."
candidate_0138,Train_4,train_2075,0,13,0.0,low,0.7777,[],[],[],"c01: 有阳光的公园太好逛了
c02: 美死了
c03: 自行车能进吗
c04: 今天还在 刚看见它
c05: 原来齐刘海还在，那天去拍了四十来只，都没找到齐刘海还以为被人收编了
c06: 这哪儿啊
c07: 感觉不行吧 又不知道为什么有电鸡闯入镜头
c08: 我也
c09: 好漂亮！这是哪里呀
c10: 广州的公园真的绝
c11: 这是哪里
c12: <用户名>
c13: 这是哪里呀",0,"Comments are varied, or repeated wording is naturally explained by the topic (e.g., common reactions, factual answers, or repeated questions); no clear multi-comment coordination pattern."
candidate_0139,Train_4,train_2192,0,19,0.0,low,0.0444,[],[],[],"c01: 擦边我倒是没觉得，但很多漫画不同作者画风类似我是看出来了，但是还觉得国内漫画画风被划分成几个流派了，
c02: 还有一个点：工作室要求大家画一部作品换一个笔名，柳堡就有七八个笔名。这样根本不能积累作者个人的名气和代表作品。以及要求漫画家们画风趋同，因为这样可以帮别人画。记得以前看过一期作者互相画别人漫画的，当时觉得有趣，现在看算不算也是一种试探和实验呢……
c03: 大家去的时候都是刚毕业不久的纯良学生，很年轻很理想，对大部分事情都不懂。然后老板天天都要开大会，连续开五十天。在这样的环境下很难自己跳出来，出来的人也或多或少带着创伤或疾病
c04: 哈人<用户名>
c05: 他本身也是一个热血笨蛋人吧可能，开始就一心想一直一直画漫画。他毕业不久就进工作室然后人生大事都是在里面完成的，工作结婚生子。而且他们工作室老板真的很会PUA人，鸟应该被PUA得深入骨髓了，类似斯德哥尔摩……
c06: 童年没了，不过没有偷心九月天的漫画家吧，不能在倒了。我一直以为他们是几个人，一个工作室，然后有时候再走访一下漫画界的老人。结果你告诉我是这样的（｀Δ´）！
c07: 天…
c08: 这种人是怎么有的老婆孩子，他要是地下偷偷拿了钱我还能理解，不拿钱真的觉得精神有问题
c09: 他们都是创造了我们童年回忆的人。。。怎么被这样对待啊，极乐鸟更是精神状态不好的样子，wb发言看得出来，背后那个人藏得太好了，现在肯定赚得盆满钵满了
c10: 我去，太阴险了，这样搞下去即使他们逃出来单干也是一片空白，辛苦半生归来还是新人
c11: 那个“哥”还不准他们看书。可能是怕他们懂得多了就不容易控制了
c12: 背后的“哥”完美隐身，热搜从asoul变成极乐鸟工作室唉可怜的鸟大吃了文化水平低的亏，被人卖了还帮人家数钱
c13: 别人说他是伥鬼他说他不认识那个字啊啊啊啊啊啊啊啊啊啊啊啊啊啊啊
c14: 难怪知音漫客当年画风集体变得光污染，都在一起被控制的啊，而且几乎每部作品都要擦边
c15: 是的那个人没有泄露一丝个人信息……只有注册公司的
c16: 周洪斌是个成功的商人，凭着偷星赚了不少
c17: 怎么说呢，如果他现在意识到了那个哥是错误的，现在就是否定了自己受苦十几年，快自己前半生了，感觉会崩溃的吧然后现在就是欺骗自己网上说的是谎言
c18: 这工作室环境像电影里缅北诈骗窝点的环境，甚至比缅北更差，十几年不交社保是认真的吗？这样竟然还能在那待十几年
c19: 而且他老婆也是这个吸血鬼手下养的一个伥鬼，哪怕他觉得不对，他老婆和身边被洗脑的“同伴”都会继续给他洗脑让他坚信吸血鬼才是对他好",0,"Comments are varied, or repeated wording is naturally explained by the topic (e.g., common reactions, factual answers, or repeated questions); no clear multi-comment coordination pattern."
candidate_0140,Train_3,train_2770,0,17,0.0,low,0.0725,[],[],[],"c01: 网上所有养狗人士都会捡粑粑，现实中是十个看不到一个，自己的狗对着别人车撒尿也不拉开
c02: 话术逻辑是这样的：猫天性就是捕猎者，所以不能怪猫。置于猫为什么在捕猎画眉，那是因为坏人遗弃了猫，让其流浪，也不能怪猫。所以你得找那个遗弃了那只猫的人去为画眉负责
c03: 有些极端人士连虐杀和杀都搞不懂，对待流浪猫一个肘击一击毙命，这个叫杀，烟头烫扯指甲倒开水慢慢搞死，这叫虐杀，抵制的应该是虐杀而不是杀
c04: 这才是真正需要保护的猫，本土物种国家一级保护动物小灵猫，五年以下有期徒刑
c05: 猫咪这玩意还用保护？一年四胎，一胎4-5只，一只母猫一年生产10多只猫，几百万流浪猫啊，又不会灭绝，保护啥啊
c06: 哈哈哈阴阳了
c07: 那些所谓的爱狗人士出门连个绳都不牵
c08: 我也觉得，流浪猫狗要不就别喂，要不就收养，最烦那种喂养不绝育的，流浪猫一窝一窝地生，到处祸害电瓶车和汽车，半夜叫得人心慌，烦都烦死了
c09: 好家伙
c10: 因为这些人保护的不是动物，是自己的欲望、情绪价值、人设、财产……，动物只是工具而已
c11: 如果他们为中华穿山甲等等最需要保护的物种发声，我支持他们，可是他们只是拿猫狗出来发声。如果他们保护的方式是收养流浪猫狗，那我也尊重他们，可他们只是投喂甚至释放更多流浪猫狗。动物保护不会让人讨厌，我国为此做了相当多的工作，那些救助鸟类、野生动物的人们也没有人去讨厌。让人讨厌的是以动物保护为幌子，夹带私货的人。
c12: 众生平等，鸡头喂狗
c13: 但是实际上对于虐杀的界定完全搞不了一个标准，就连在人身上的伤害都不好定的更别说那些满嘴“猫不舒服了会自己走的会哈气的”人一直在引导的这么个情况下了
c14: 穿山甲是有法律保护的。还有那些打着动物保护骗钱的。这不是犯法的行为吗，那应该去处理的是zf。 以前可以是可以吃穿山甲的，为什么停了？你以为是大家突然良心发现？还不是因为立法了。为什么会出现民间各种用保护赚钱的，还不是因为法律不够完善。 你说的讨厌行为完全结就算没有配套的法律条文。以前打着救助野生动物圈钱的呵呵可多呢，结束这些行为最基本的第一步就是立法。
c15: 画眉是国家二级保护动物，上次看到流浪猫在捕食画眉，所以我是否应该击杀流浪猫呢？击杀了才叫保护野生动物吧。
c16: 在中国一个大妈签着两条狗从我的车边路过，其中一条狗抬起脚就对着我的车撒尿，那个大妈也没阻止，就看着她的狗对我的车撒尿。我追了上去，态度很强硬的对她表达我的不满，她和说没看见，我很气愤😠她看我很气愤才跟我道歉。我觉得这种给别人带来烦恼的还是别养狗了
c17: 豹猫怎么你了",0,"Comments are varied, or repeated wording is naturally explained by the topic (e.g., common reactions, factual answers, or repeated questions); no clear multi-comment coordination pattern."
candidate_0141,Train_2,train_219,0,15,0.0,low,0.2346,[],[],[],"c01: 老一代的人了吧 现在估计都是夫了
c02: xs
c03: 你为什么能发语音哈哈哈哈
c04: 就是 我的丈夫会说中文，如果你来横滨的话，可以给你介绍。请一定要联系我。
c05: 她的丈夫会说中文，如果去横滨有事儿的话联系她～好美好的际遇
c06: 没事，我们遵守规矩挣得脸总会有人帮你抹黑掉
c07: 40还不老吗？他们都00后10后
c08: 我的当家的能说中国话，如果你来哟靠蛤蟆旅游的话，可以为你带路，请务必联络（虽然有客套话成分，但是显然对姐妹有好感）
c09: 这个地方，不是去横滨有事的话，应该理解为，如果会来横滨的话…
c10: 帮你翻译了下
c11: 主人这个说法很老吗可是我刚40+的老师也会说诶
c12: 羡慕 我咋四年都没遇到过🤔
c13: 她甚至把很多平假名写成了汉字有ります大部分日本人都会用あります了叭（日本年轻人也有减少汉字使用的趋势因为他们觉得太难写了）……不知道是不是考虑到你是中国人的原因
c14: 她说她老公说得来中文，来哟阔蛤蟆要联系她，她给你开路
c15: 她说她丈夫会中文，你要是去横滨的话联系她",0,"Comments are varied, or repeated wording is naturally explained by the topic (e.g., common reactions, factual answers, or repeated questions); no clear multi-comment coordination pattern."
candidate_0142,Train_1,train_1042,0,19,0.0,low,0.3013,[],[],[],"c01: 你是在哪个位置看到的呀
c02: 最后一张里面那个人影真的很像我想象中的李白
c03: 如果李白看到此场景
c04: 看定位
c05: 机缘呐
c06: 乘坐早上的飞机，坐背光也就是西边的座位，就有机会看到宝光，很幸运见过两次，我账号里有录的视频，很奇妙的感觉~
c07: 七点登顶！你几点开始爬的啊
c08: 云彩收集者集合！
c09: 有内味儿了
c10: 对的，这种美景也要看缘份
c11: 这是哪儿？我在步仙桥看的一模一样的效果
c12: 这个是布罗肯现象
c13: 是布罗肯幽灵欸！
c14: <用户名>
c15: 怎么找到这么空的地方拍照，我去的时候能站人的地方都站满了人
c16: 竹杖芒鞋轻胜马
c17: 早上七点他就上去了
c18: 谁怕
c19: 四点",0,"Comments are varied, or repeated wording is naturally explained by the topic (e.g., common reactions, factual answers, or repeated questions); no clear multi-comment coordination pattern."
candidate_0143,Train_3,train_2462,1,12,0.0,low,0.0484,[],[],[],"c01: 贵吗
c02: 好好味
c03: 哪家？
c04: 图五是什么菜呀
c05: 芦笋酿羊肚菌
c06: 我才知道猎德也有
c07: 鸡，那是顺德做法吗？什么口味的青酱
c08: 没人我自己来！哇你简直是广州活地图进去了差点出不来…怎么吃喝玩乐全都有！还经常更！以后广州就跟你混了！！！
c09: 叫什么名字？
c10: 📍天成·品味(在 猎 德
c11: <用户名> Tiger👓眼镜
c12: 这个人均要150以上吧",0,"Comments are varied, or repeated wording is naturally explained by the topic (e.g., common reactions, factual answers, or repeated questions); no clear multi-comment coordination pattern."
candidate_0144,Train_1,train_2329,0,16,0.0,low,0.0483,[],[],[],"c01: 先从认真对待自己开始
c02: 可能你足够爱自己，我也身弱，但是我能量很低的时候我真的是张牙舞爪的，现在学会爱自己了，能量也低，但是我变的柔和了。
c03: 永远不要担心两天后和800米以外的事
c04: 柔弱胜刚强 道家学说还是有道理的 顺其自然就好
c05: 为什么我看到有些博主说，软是因为能量太低了，你刚好说的相反
c06: 上善若水。水善利万物而不争
c07: <用户名> 是滴！
c08: 怎么增加自己的能量
c09: 错了，我低能量体弱才会撒娇求帮忙🥺，说话特别娇气，是那种无意识的娇气
c10: 学会自洽，内观，我花了28年
c11: 我妈就是能量超高的～因为我小时候几乎每月碎一只热水瓶或者碗～但我从来没被骂过～我妈只会问我有没有烫伤或割伤～所以我的能量我也超高的
c12: 确实，因为容易想通，各方面就通，不容易气堵
c13: 博主说的是四两拨千斤的“软”，不是没有原则的“软”
c14: 厉害了
c15: 大智若愚，大象无形，大音稀声啊！🙏🙏🙏
c16: 这句话真好",0,"Comments are varied, or repeated wording is naturally explained by the topic (e.g., common reactions, factual answers, or repeated questions); no clear multi-comment coordination pattern."
candidate_0145,Train_1,train_2945,0,20,0.0,low,0.1359,[],[],[],"c01: 被誉为宋词里最狂的一首
c02: 国际悲歌歌一曲，狂飙为我从天落
c03: 一代天骄，成吉思汗，只识弯弓射大雕
c04: 黄巢上分！“他年若我为青帝，报与桃花一处开”也狂傲得直白
c05: 不须放屁，试看天地翻覆。
c06: 我是清都山水郎，天教分付与疏狂，曾批给雨支风券，累上留云借月章，诗万首，酒千觞，几曾着眼看侯王，玉楼金阙慵归去，且插梅花醉洛阳
c07: 待到秋来九月八，我花开后百花杀
c08: 莲蓬蒿人哈哈哈哈哈哈哈
c09: 了解一下柳永的背景故事你就不会觉得他牛逼了，落榜后写了这首诗嘲讽求取功名的人，结果得罪了各方文坛大佬，后来为求功名又托名妓送诗，结果人家还不领情表示淫词艳曲
c10: 安能摧眉折腰事权贵一出来真的显得没有对手
c11: 此去泉台招旧部，旌旗十万斩阎罗
c12: 前不见古人，后不见来者！没有比这狂的了！
c13: 仰天大笑出门去，吾辈岂是莲蓬蒿人
c14: 了解背景后，这首诗只觉得悲壮
c15: 楚云飞改的好啊
c16: 惜秦皇汉武，略输文采；唐宗宋祖，稍逊风骚。
c17: 才子词人、自是白衣卿相，忍把浮名换了浅斟低唱。这句我越看越觉得牛啊
c18: 我本楚狂人，凤歌笑孔丘，也不赖
c19: 楚云飞曾经魔改了一句，我自狂歌空度日，飞扬跋扈为谁雄。原文是（痛饮狂歌空度日，飞扬跋扈为谁雄）
c20: 为有牺牲多壮志，敢叫日月换新天这一句能秒掉之前所有",0,"Comments are varied, or repeated wording is naturally explained by the topic (e.g., common reactions, factual answers, or repeated questions); no clear multi-comment coordination pattern."
candidate_0146,Train_2,train_135,0,18,0.0,low,0.199,[],[],[],"c01: 15号的票怎么预约 还是时间已经过了
c02: 基础票能看些啥？临展票又能看些啥？
c03: 可以
c04: 临展票可以看基础陈列吗
c05: 请问一念追辛梦周二到周五有表演吗
c06: 我也想要12号的，可以买吗？
c07: 21号晚上20:00准时需要人工讲解可以联系我
c08: 过了
c09: 请问为什么点开之后显示不在预约时间内？
c10: 14岁以下不用在上面填信息吗？
c11: 博物馆休息睡觉了凌晨在蹲票吧
c12: 周末才有
c13: 可以不填
c14: 临展票要预约么
c15: 28号的票几号开始抢
c16: 有门票吗可以私聊
c17: 基础票可以看辛追夫人吗
c18: 看看我笔记吧都写了",0,"Comments are varied, or repeated wording is naturally explained by the topic (e.g., common reactions, factual answers, or repeated questions); no clear multi-comment coordination pattern."
candidate_0147,Train_2,train_936,0,18,0.0,low,0.2397,[],[],[],"c01: 上戏24主持播本冒昧插句话，评论区的宝宝们既然提问了就要虚心的接受建议，决定成败的首先是态度！！！老师始终是老师，不管从年龄经历成就和对专业的见解横竖都凌驾于你之上！！！讲礼貌尊重人都不会谈什么对专业的虔诚。另外这个老师说得很对，艺考从来不缺长得好看又努力的人，一句话糙理不糙的话，没有实力别赛脸
c02: 播音如何
c03: 我高中同学，当年艺考，考舞蹈，然后他们那一批，她算比较矮的，当年就是因为矮，她复读了你说形象重要么，这还是7.8年以前了
c04: 苹果原相机远距离一点
c05: 不建议
c06: 比较一般
c07: 感觉你长得很漂亮诶，不走艺考这么高或许可以尝试一下模特或者自媒体
c08: 不太行
c09: 可以吗
c10: 我觉得可以 美
c11: 老师建议校考吗175
c12: 带了很多年艺考了，当年211合格证拿到手软，浙传南艺双第二，所以我觉得我还有点资格去判断。
c13: 真的发现 心理承受力不行的也别学艺术了 这女生明显是受不了打击型 但现实是 从接触艺术那天起 打击就会接二连三了.....这样的心态 即使学了也坚持不了多久吧...
c14: 可以去学吗
c15: 苹果原相机 求帮看 168 46kg
c16: 想考上戏的同学请看一下这位学姐，标准的小脸、九头身、好看！
c17: 老师我呢，学过9年
c18: 我觉得我说的很中肯了...最后还是要说一句，一对一小课播音老师，欢迎上课。",0,"Comments are varied, or repeated wording is naturally explained by the topic (e.g., common reactions, factual answers, or repeated questions); no clear multi-comment coordination pattern."
candidate_0148,Train_2,train_1078,0,20,0.0,low,0.0721,[],[],[],"c01: 首先你选择考公就已经注定你是个水平中等的人了
c02: 还能做前台
c03: 很经典的底层思维
c04: 我就是自考专科本科，当时高考数学物理没及格，我觉得香，因为我太平庸了，是体制收留了我
c05: 眼拙，看成了gay真的香吗？
火速点进来才发现是gwy
c06: gwy江浙沪包邮的，省会的，全生命周期包括养老＝900到1000w，能够干其他职业搞这么多钱的就没必要干这个
c07: 除了天龙人之外本来就是学习差的才考啊，就像幼师一样基本都是小太妹或者不太行的才去啊。
c08: 西安交通大学会计专业第二，我以为我前任发帖了一身冷汗
c09: 考公热度反应市场经济 经济好的时候考的就少
c10: 除非你是那个极少数拿高薪的精英，或者创业成功那种，不然同一个城市相比，外面的私企比公务员工资待遇福利好的还真不多
c11: 今年俺们县的省考录取名单，公示95人有19个985，还有几个qs100的，甚至还有一个北大的。只能说“没什么本身考个公务员”这句话中，“本事”不包括985
c12: 我考公时，和我一起面试时有哥伦比亚大学，北大毕业的，我也不明白他们图啥。
c13: 恶意攻击考公学生，现在考公的学生这么不济呐！你的心态和思维异于常人。
c14: 我们高中学校第一考上的是人大（裸分，其他自主招生啥的有上清北本的），人家毕业去京东了，人家肯定考得上。我表哥辞职青岛公务员去新加坡了，现在四胎了（生育政策好）。我妈同事家闺女，华尔街回来的，在香港拿180w年薪，人家也考得上。但是普通人呢
c15: 但凡能随随便便找到工作谁乐意考这玩意
c16: 大多数人的高中，一个学校也没一个考进北大清华的，这时候又开始说人家北大清华怎么样怎么样，人家怎么样和你有关系吗你自己是北大清华的吗？都不是人才却都把自己当个葱
c17: 文科不考公考编去做企业的文员吗
c18: 除非你是少数精英，大部分人来说，找不到更好的工作
c19: 我们小县城，有北大本科的公务员，我们都很震惊，北大干什么不好当个小公务员后来果然没多久就辞职了。
c20: 看能力啊，体制外能挣一百万看不上，只能挣10万你还看不上？",0,"Comments are varied, or repeated wording is naturally explained by the topic (e.g., common reactions, factual answers, or repeated questions); no clear multi-comment coordination pattern."
candidate_0149,Train_3,train_584,0,17,0.0,low,0.0483,[],[],[],"c01: 有一个特别不理解的剧情，，是我第一遍看的时候没有想通的，在剧里皇帝那么讨厌令妃，为什么还是那么那么多小孩，尤其是后期。
c02: 本来我也想说 皇后想让皇上原谅她然后才这样做的
c03: 别的评论区的宝子说 因为他爱跟令妃做恨，晚上一边顶她一边说：让你欺负我的如懿我顶死你
c04: 所以啊，瞎改剧本
c05: 克扣下人的银钱，红楼梦里凤姐当家时都知道，丫鬟小厮们的银钱，短了谁都不能短了他们的，如懿倒好。还有啊，一个继后办什么婚礼啊？在一起都快20年了，孙辈都有了，还生啊不生的，搞不搞笑啊？两人在一起以前，因为姑母的事儿如懿被赶出宫，渣龙为她求来了侧福晋的名分，胖橘的圣旨都下到他们家了，她还在说考虑要不要嫁入王府，说的跟她有选择似的，她有多能耐抗旨啊
c06: 不知道为什么所有矛头都指向如懿甚至是演员本身，仔细看电视剧的人都知道是富察皇后下令不让所有嫔妃侍疾的
c07: 秀女？我怎么做你的秀女呀？我们都那么熟了。我是来替你掌掌眼的。兄弟般的情宜突然就以情深似海的剧情为主题开演
c08: “呸”的声音好大
c09: 难道不是皇后说不让其他人过来照顾的吗？
c10: 好意思说啊？现在是挺听话的，之前不知道是谁阴阳中宫之主自在人心
c11: 隔着屏幕都感觉会传染
c12: 你看过剧吗？这个剧情是在这之前如懿先照顾的把自己也传染了然后皇后才来，她好一点来看过才走，你真的没事吧
c13: 皇后不让别人照顾好吗
c14: 原著小说里不是因为如意和皇帝这段时间经常在一起，怀疑她也有病被关起来了吗
c15: 他们剧情都没有看完，就胡说
c16: 所以之前看的一个up主分析这一切都是她死前的😴，我觉得分析的太到位了
c17: 这剧真是常看常新啊哈哈哈哈大如天天情情爱爱，结果连皇帝卧病在床都不愿意去照顾，呸",0,"Comments are varied, or repeated wording is naturally explained by the topic (e.g., common reactions, factual answers, or repeated questions); no clear multi-comment coordination pattern."
candidate_0150,Train_3,train_1957,1,7,0.0,low,0.1007,[],[],[],"c01: 老板 给个联系方式
c02: 怎么购买呀
c03: 您私信我一下发不出去
c04: 如何购买？
c05: 怎么买？
c06: 請問如何購買?謝謝
c07: 怎么买啊",0,Multiple users ask how to purchase while one response directs to private messaging; this is consistent with normal buyer questions rather than multi-account coordination.
candidate_0152,Train_3,train_1357,1,19,0.0,low,0.1632,[],[],[],"c01: <用户名> 我心心念念最想吃的
c02: 这个我爱吃
c03: <用户名>
c04: 昨天书屋看见人买了
c05: 你现在来把剩的吃完
c06: 震怒！我小时候也喜欢
c07: <用户名> 我要吃我要吃
c08: <用户名>.
c09: 真的可好吃
c10: 那我先帮你们吃了
c11: <用户名> 我想吃我太想吃了呜呜呜呜我想吃
c12: 油油的
c13: 真的超好吃！
c14: @🍡 小时候路上有可多买这个的现在都是稀有物了
c15: 在哪里呀？
c16: 热的好吃！
c17: 你看买这点儿都不够我吃
c18: 最爱的面包<用户名>
c19: 纱厂路上 最上面有定位",0,"Comments are varied, or repeated wording is naturally explained by the topic (e.g., common reactions, factual answers, or repeated questions); no clear multi-comment coordination pattern."
candidate_0153,Train_3,train_917,0,18,0.0,low,0.4249,[],[],[],"c01: 总怎么在这里看见你了
c02: 妈咪把头发染回来就还春了😭还是一美😭😭😭补药跟那个跟冻了龄似的鲨鱼比呀
c03: 是的小淘气，我也觉得很像小淘气，但好像很少有人说
c04: Jensen也是越老越醇
c05: 虽然这种回答很体面高情商，为什么感觉“一美”这个称呼就和当年的欧美圈热度一样一去不复返了
c06: 妈妈，你永远是我的妈妈
c07: 一美圆 二美方 三美脸比扁担长 二美方 三美长 一美嫁给万磁王 一美圆 三美长 二美基友排成行
c08: 冻龄鲨鱼是不童老颜！但是他帅！！
c09: 我溺爱 妈妈什么样我都溺爱 他妈的壮壮妈我也能溺爱
c10: 但是我其实更喜欢split之后的一美，之前的电影看了但是对人无感，split之前最喜欢filth
c11: 你现在是力量美（违心但我愿意）
c12: 一晃眼都十年前了
c13: 不懂就问，为什么叫妈妈？
c14: 他前两年在鬼门关走过一趟，好不容易又健康活下来，他自己都说人生态度都变了。美人总归会有迟暮的时候，但是阅历和真诚会让他更迷人，何况演技还是那么好，他能健康地给观众带来新作品就很好了。
c15: 对，所以我真的会心疼会溺爱而且他现在还自己当导演 他一直在挑战自己
c16: 才没有年老色衰，五官还是很美的！而且“男人（和女人）是酒，越老越醇”
c17: 当年，一美圆，二美方，三美脸比匾担长
c18: 这个真的纯初恋啊，怎么样都很美啊对我来说。首先每个年纪就是有每个年纪的美法，不是只有没有白头发没有一点皱纹没有胡子才叫美，其次美不仅仅是外貌，演技基本上每个和他搭过的导演都在夸，而且这么多年沉淀下来的气质真的是特别特别有魅力。而且没人觉得这一绺白发特别漂亮吗很像小淘气的那个，超级有韵味美死了......",0,"Comments are varied, or repeated wording is naturally explained by the topic (e.g., common reactions, factual answers, or repeated questions); no clear multi-comment coordination pattern."
candidate_0154,Train_3,train_1329,0,19,0.0,low,0.0974,[],[],[],"c01: 塞上燕脂凝夜紫……不敢想这得积了多厚的血
c02: 三二一，开煎
c03: 纸灰飞作白蝴蝶，泪血染成红杜鹃。（不知道算不算）
c04: 毕竟是“诗鬼”嘛哈哈哈
c05: 怪不得是诗鬼呢，真的诡谲
c06: 古古怪，怪怪古，孙儿娶祖母。猪羊炕上坐，六亲锅里煮。
c07: [芙蓉肌理烹生香，乳作馄饨人争尝。两肱先断挂屠店，徐割股腴持作汤。]写实诗，越是写实越让人不寒而栗
c08: 我靠这个好有感觉请问是哪位说的？
c09: 朦胧见，鬼灯一线，露出桃花面。
c10: 咳咳，大家都怕了吧，来我这看：大明湖，明湖大，大明湖里面有荷花，荷花上有癞蛤蟆，一戳一蹦跶——张宗昌《大明湖》
c11: 自己看不懂，用不着去质疑别人的感受
c12: 好个蓬莱阁 他妈真不错
c13: 是的
c14: 什么时候看到着吊图才不会笑
c15: 李贺在这个赛道简直强到可怕
c16: 李凭箜篌引哪里阴森了？？？
c17: omg正在听的歌就叫柳叶笺，看到作者名字给我整晕了
c18: 李贺专场
c19: 标题一句是李贺寻访长平之战古战场所作。就在我们山西高平我们这里还有炎帝陵，超绝二十四诸天雕塑铁佛寺，最美北宋壁画开化寺。欢迎大家来玩",0,"Comments are varied, or repeated wording is naturally explained by the topic (e.g., common reactions, factual answers, or repeated questions); no clear multi-comment coordination pattern."
candidate_0155,Train_3,train_3101,1,16,0.0,low,0.062,[],[],[],"c01: 一样
c02: 是啊
c03: 🏠渔兵卫海鲜丼（皇朝店） 🇲🇴<详细地址>
c04: 好不好吃！
c05: 哪里呀
c06: 有点贵的哦
c07: 超值！
c08: 哪裡呀
c09: 可以推荐下我们的好吃的吗
c10: 不枉我特意来澳门吃！！ 就是为了这一口啊啊啊 🦞岩浆御前青龙丼 青龙尊嘟有手臂辣么长！敲打一只 龙虾肉已经处理好被挖出来了 里面还有蟹子、海胆、玉子烧…总体来说非常好吃😋 🐟渔·炎夏 一份里面可以尝到不同的口味 那份海鲜刺身hin新鲜 甜虾、金枪鱼、柱贝…各类都有 好新鲜 口味好鲜甜！！
c11: <用户名>
c12: 几年前托家人在香港买的了哈哈哈
c13: 葡币宝宝
c14: 手链是哪家的？好看
c15: 这700多？
c16: 请问是人民币还是葡币",0,"Comments are varied, or repeated wording is naturally explained by the topic (e.g., common reactions, factual answers, or repeated questions); no clear multi-comment coordination pattern."
candidate_0156,Train_1,train_2170,0,18,0.0,low,0.2621,[],[],[],"c01: 你问距牛团依家净翻几个人
c02: 明天下大雨会有摊吗？
c03: 前几天去了，但是没做好攻略，上午去的还没开摊
c04: 国庆节那天会开摊吗过去旅游
c05: 去啊你不就在广州吗
c06: <用户名> 想去
c07: <用户名> 烙铁国庆去逛逛
c08: 盘活的好快，去年国庆看到流行前线一片萧条，地王都是跳快闪的，放的还是NEWS的古早歌，我问旁边的小朋友你们还听这么老的歌啊，小朋友说我还会唱哈哈哈哈
c09: 会的 开七天 13--20点开摊
c10: 讲个现实……已经系十几年前……快二十年都有仲有青宫
c11: 当年在地王负三参加萤火虫还历历在目只能说动星才是第二个地王hhhhh
c12: 谁还记得当初地王广场才是最开始的二次元发源地之一
c13: 啊啊啊去！！
c14: 国庆想去<用户名>
c15: 全是谷店。。
c16: 好像是后面冷了也是摆摊我才知道的
c17: 没事里面照样热闹
c18: 摸摸 一般是下午1点后摊主才陆陆续续出来摆摊，两点半左右差不多齐摊",0,"Comments are varied, or repeated wording is naturally explained by the topic (e.g., common reactions, factual answers, or repeated questions); no clear multi-comment coordination pattern."
candidate_0157,Train_3,train_363,1,16,0.0,low,0.1026,[],[],[],"c01: 爱了+1
c02: <用户名>
c03: 心动
c04: 沙发好漂亮
c05: 每一副都是我想要的样子，我的梦中情房
c06: 黑白灰也不一定老龄化
c07: 请你设计怎么收费？
c08: 纯设计，可私
c09: 很喜欢
c10: <用户名>
c11: 这小色
c12: 真的超喜欢这种色彩分明，视觉艺术冲击感的设计和装修！哪些黑白灰经典真的太老龄化！
c13: 呼应得很适当！
c14: 太喜欢绿色了！收藏关注喽
c15: 绿条纹🛋️真是长在了心尖上了
c16: 挺喜欢这种感觉的。",0,"Comments are varied, or repeated wording is naturally explained by the topic (e.g., common reactions, factual answers, or repeated questions); no clear multi-comment coordination pattern."
candidate_0158,Train_3,train_959,0,20,0.0,low,0.0937,[],[],[],"c01: 这个是香奈儿78那颗蓝的dupe吗
c02: 这个蓝色好看！
c03: 大胆画，放心画
c04: 这个是兰蔻，香奈儿我至今没研究出来咋扣盘
c05: 啊我昨天没睡好今天也是…人在工位魂不到搁哪嘎哒呢
c06: 素的
c07: 哼，才来，打你pp（bushi
c08: 这个这个好好看！小姐姐自己组的吗？色号可以抄作业嘛
c09: 板蓝根味儿的咩
c10: 有意思有意思，摩卡蛋糕
c11: 一看就是又一个我完全不会化的颜色
c12: 嗯啊，有点像tf30右下那个颜色，不太上色
c13: <用户名>
c14: 好看
c15: s老师我总能在发现页被你精准捕获眼球 这下不得不关注了！！！
c16: 霞光、云海与飞燕...（今天已起床 但浑浑噩噩！
c17: 上眼好看吗 清透挂的？
c18: 但是p3看着有点粗啊，融肤不太好的样子
c19: 比较可惜的是sq没有这种蓝色
c20: 好漂亮但是想不出来怎么画",0,"Comments are varied, or repeated wording is naturally explained by the topic (e.g., common reactions, factual answers, or repeated questions); no clear multi-comment coordination pattern."
candidate_0159,Train_1,train_3403,0,20,0.0,low,0.0947,[],[],[],"c01: 不多说上ip 我们学校男女都得分开走 考试都男女分开考
c02: 啊因为我们就是早上六点半到班级晚上十一点放学啊，一点不掺假，我高中因为成绩不好被班级冷霸凌，老师不管我，就是这样的啊
c03: 感觉plq就是那种一定要说自己过得多么多么好一样，那你们过得好博主的压抑什么的就是假的了？每天不足六个小时的睡眠，一个晚上能做梦三个，压抑到每天都想哭，你们体会不到，共情不到，大可划走，来一句“不是所有人高中都是这么苦”想告诉我们什么？是想说我们出生不好？活该这样不像你们？还是想告诉我们你们的痛苦无人在意，即使不打tag我也要秀我的优越感去抨击你？普通人应该还是少数吧，像那种不学还能考好的，你一个学校能有多少？
c04: 回复 杨梅酒: 因为博主的是山西的，我是河南的，评论区的大部分说苦的都是河北的，而说不苦的都是上海北京广东的，我不明白博主的普罗大众的身份应该是什么，或许经济应该不是这些沿海地区，发达地区的小孩吧，无论政策还是上层的注意貌似都是这几个地方优先，但是很少有人会去管山河四省还有江苏那边的人，或许河南毛杰算一个，但是她从去年就开始被说调去北京，各种谣言搞得学生人心惶惶，那为什么那么多河南学生怀念她呢，因为她强制把国庆的八天法定节假日放全了，不觉得可笑吗？一个法定节假日要省教育局长出面，不然我的假期只有三天，北京的考生已经只能算河南考生的零头了，我可以很负责任的跟你说，我们河南绝大多数人就是这种东亚小孩
c05: 应该没有 照照镜子就行了
c06: 他们凭什么这么轻松就考上名牌大学清北是什么很廉价的东西吗
c07: 其实看振华三部曲的时候也没觉得他们特别卷但都是清华北大复旦，本来还觉得离谱，后来发现编剧是高考状元振华原型哈尔滨三中
c08: 我看电视剧难道是为了照镜子吗。。
c09: 你们学校没有那种传奇人物吗？恋爱照谈，该玩继续玩，家庭好，最后高考也很好。
c10: 她没说要真实啊你那么极端你喜欢看高考动不动就考700➕的神剧啊
c11: 并不是所有人的高中生活都是这么苦…
c12: 有些校园剧看得真的很困惑 真的有人的青春是这样子的吗
c13: 所以有没有真实一点的校园剧。。没有恋爱的那种，最好黑暗点
c14: 影视是造梦的空间，所以某些程度上会和现实割裂出来，满足一些大众的想象。
c15: 但并不是东亚，只有中国这样
c16: 这是我的青春，蹲着的那个是我，其他也都是我的舍友，这张照片是老师偶然拍的，上了我们学校公众号，我们当时都不知道
c17: 不愧是沪爷
c18: 对啊，那这么说现实都这么凄惨了我看电视剧不就是有点寄托美好的意思在里面吗（太过离谱的不算）想完全反映现实就不要看啊看你自己不就好了，还看什么校园电视剧
c19: 虽然一些电视剧美化 但是大多数人的高中生活也没有那么惨吧 我身边的人过的都很快乐 下课玩 不上晚自习的六点放学回家 早上几乎都是七点到校 也会因为高三紧张 考试烦心 也会有班级内斗 老师针对一些问题 但是也会有好朋友的 虽然有苦但有乐 为什么一定要放大苦 看不见乐呢 （ps：里面所有的是全市区内高中 包括重高 市状元在北大 ）
c20: 但是为什么一定要真实啊，小说，电视剧本来就是演的啊，本来就是看一个开心嘛，我自己已经体验过了枯燥无味黯然的学校生活，我看电视剧还要看吗，那直接给你五点到晚上十点直播得了。",0,"Comments are varied, or repeated wording is naturally explained by the topic (e.g., common reactions, factual answers, or repeated questions); no clear multi-comment coordination pattern."
candidate_0160,Test,test_98,0,15,0.0,low,0.3145,[],[],[],"c01: 花里胡哨的店名，包括专卖炒饭，最好不要点一家被耽误的，堵上生涯的，猛汉什么的…
c02: 我们这的一个店，之前想点来着，看了看图片放弃了，没有堂食
c03: 家人们，我怕辣，以后再也不点这种外卖炒饭了，大家点外卖也注意卫生安全
c04: 以后最好别点了
c05: 说实话点之前看看饿了么有吗，一般饿了么也卖说明环境还可以
c06: 收到，已加入黑名单
c07: 点外卖最好看看店铺环境 一看那种小档口最好别点
c08: 我靠我这里有一家， 被炒面耽误的炒饭店 还以为炒饭好吃呢，点了一次难吃的要死
c09: 店名！包装！！每个都在雷点上！下次不要再吃这个了
c10: 外卖炒饭
c11: 到底什么才配得上这一路的颠沛流离
c12: 这个店名花里胡哨的，一看就是做拼好饭的
c13: 哈哈哈哈哈
c14: 我嘞个豆啊
c15: 主打一个听劝哈哈哈",0,"Comments are varied, or repeated wording is naturally explained by the topic (e.g., common reactions, factual answers, or repeated questions); no clear multi-comment coordination pattern."
candidate_0161,Train_1,train_1533,0,18,0.0,low,0.117,[],[],[],"c01: 我是来上网的，不是来上吊的
c02: 与少爷为邻，亦是少爷公主也
c03: 一周末三个due 看到这个感觉天都塌了
c04: <用户名> 我真是给这个世界脸了
c05: <用户名> 柏林怎么就没有
c06: 和少爷是隔壁栋的，日子也算好起来了
c07: 悉尼公子佳人，若欲赏花看花、鲜花、永生花、玩偶花，尽显欧式风雅之美。若汝审美同频，愿与君共赏此花，期汝雅评
c08: <用户名> 小助手
c09: 我还是继续睡午觉吧
c10: tag里有搞笑又有黑丝，这就很抽象
c11: 可能有钱人不缺黄金哈哈
c12: 在van的时候男朋友送了10束花 收的时候吓死了
c13: 我就不该打开这个小红书😭😭😭
c14: 我的话会很反感，没地方放啊 要打扫还很麻烦。还不如送黄金项链或者是真正的鲜花
c15: 国内有
c16: 每一束都很漂亮！男朋友审美很在线。
c17: 这是小金书
c18: 本来看了点感人的视频，想今天给全世界好脸色。看到有人过得这么好，嫉妒心又呼之欲出了",0,"Comments are varied, or repeated wording is naturally explained by the topic (e.g., common reactions, factual answers, or repeated questions); no clear multi-comment coordination pattern."
candidate_0162,Train_4,train_1839,0,16,0.0,low,0.0863,[],[],[],"c01: 环艺
c02: 是这样的但是没有
c03: 你学什么专业的啊
c04: 我空窗一年半了
c05: 哈哈哈哈哈为什么洗脚一万五都能嫌低啊，私人秘书五万做吗？
c06: 华为加班严重么
c07: 刚创业开了个小公司，借地方招几个新媒体同事，短视频剪辑最好还会写点脚本
c08: 来华为试试？
c09: 还是内推靠谱 软件上找运气不好就是被hr拉去刷kpi 浪费时间精力
c10: 来平安试试？
c11: 谢谢啊
c12: 你好，你听说过安利吗？500强！
c13: 不会吧
c14: 介绍男朋友给你，不用你上班
c15: 为什么不能 那咋了
c16: 可以找我",0,"Comments are varied, or repeated wording is naturally explained by the topic (e.g., common reactions, factual answers, or repeated questions); no clear multi-comment coordination pattern."
candidate_0164,Test,test_778,0,16,0.0,low,0.0708,[],[],[],"c01: 外省中过的也很反感，基本每个娱乐化的帖子我都会留言，都以为还挺好玩呢
c02: 多数时候处理好是没事的。而且确实好吃
c03: 云南人也没啥抵抗力的，不然每年因为菌子中毒的人就不会那么多了
c04: 啊？我在饭店吃的，店家不到时间都不给筷子，没问题啊，很好吃
c05: 好虔诚
c06: 评论区问这菌是否非吃不可的，我来回答，是。作为一个云南人，深知菌子的美味，也知道有些菌子雀食很危险，你要问我为什么知道它危险还非得吃它，我不想往人活一辈子少留点遗憾这个点去靠去说，因为就是美味，是我魂牵梦绕的山珍，我的圈子都是“山珍与海味必须放弃一个的话，我们都会选放弃海味”。见手青我长那么大没吃过几顿，不认识的菌不碰，我家一家吃菌都非常小心，凡是菌类不足火烹饪20分钟以上绝不可能上桌，这种中毒几率已经极低，要说这样依然逃不过，那是我命该绝。就比方明知上街可能会被车撞被高空坠物砸，无法避免上街是因为要上班要社交要因为各种，最重要的原因不过也就工作罢了，但工作的意义呢，工作最重要的还不就是吃饭
c07: 请教一下牛肝菌不是见手青吗？我有一次点了牛肝菌，我男朋友说好像就是见手青，我百度了一下还真的是。我好爱吃牛肝菌。
c08: 鸡枞，干巴菌，牛肝菌，哪个不好吃，而且都不会中毒，外省朋友不要非要尝试见手青
c09: 外省人不要吃杂菌子！！！大名鼎鼎的见手青更不能吃！一个是你们身体的菌群可能跟云南人不一样，适应性不好，另一个就是杂菌子毒性更大。这边建议吃鸡枞、干巴菌、青头菌这些，又好吃又安全，我反正是自己都不敢也不太喜欢吃杂菌子的
c10: 肝酶才高了一点点，不用担心
c11: 所以我们云南人真的很反感这些媒体这两年莫名其妙娱乐化见手青
c12: 不是很懂这个见手青是必须要吃吗？还是说美味到不能不吃？为什么这么多人冒着危险都要试一下啊（真诚发问不是阴阳）
c13: 后续已更新在新帖子，非常非常感谢大家的关心~
c14: 菌子中毒真的很危险，网上段子太多降低了网友的防备心
c15: 可以帮我看看，我吃的有毒嘛，现在也是上吐下泻
c16: <用户名>",0,"Comments are varied, or repeated wording is naturally explained by the topic (e.g., common reactions, factual answers, or repeated questions); no clear multi-comment coordination pattern."
candidate_0165,Test,test_201,0,18,0.0,low,0.3778,[],[],[],"c01: 别提这种方法多好了 小学我也这个样天天给我家所有人讲课 轻松拿第一 后来就...... 这个方法真的绝好
c02: 墙上这个白板和磁吸是哪家？怎么上墙的
c03: 你妈妈真好
c04: 同问
c05: 求白板的尺寸和链接
c06: 周报，复盘ppt，对齐颗粒度，定期总结，方法论
c07: 自己能复述→演绎出来的，真的会记得牢，当老师后我才明白这个点太晚了
c08: 想问下这样自律的学习态度，究竟是通过什么途径传授给孩子的，学校教育还是家庭教育？
c09: 想问问楼主，墙上的是用什么材料设置的，刚好有一堵同样的墙，看到这个觉得很合适这样的设计吖
c10: 我们初中每次期末考前都有复习假，三四天左右，我妈不管多忙，那三四天一定会请假来陪我，然后我就像小老师一样复盘每个科目期末考试重点，如果是文科需要背的，我就会跟妈妈一起背复杂的，然后我自己把简单的快速记下来，效率和质量双重保证。然后我中考考了省会城市前十名
c11: 哈哈哈哈
c12: 好合适啊
c13: 听到这几个词我都已经开始焦虑了
c14: 我考研就是这样给自己讲课，开了个腾讯会议➕录制，很专注的讲每一章节，讲完了还可以当随身听，每天听一听，记得很牢。
c15: 厉害的
c16: 更多的是家庭教育，父母才是孩子的第一任老师
c17: 我也是！我还会自己出题给自己然后自己批改自己作业想起都觉得好笑哈哈哈哈哈哈哈
c18: 我女儿从不复盘知识点，她只是每天复盘各科老师骂人的话和语气",0,"Comments are varied, or repeated wording is naturally explained by the topic (e.g., common reactions, factual answers, or repeated questions); no clear multi-comment coordination pattern."
candidate_0166,Test,test_663,0,20,0.0,low,0.3545,[],[],[],"c01: 意大利皇家提拉米苏认证品鉴官
c02: 来了来了
c03: 还有瓜子花生八宝粥
c04: 这两天去法国看看
c05: 局长是局长，不是保安，局长巡逻干什么！
c06: 我也是，极度厌恶添加吉利丁片进提拉米苏
c07: <用户名> 提拉米苏局局长 妈呀好专业
c08: 局长什么时候来上海巡逻一下，我想吃提拉米苏哇
c09: 看饿了 局长什么时候全球巡演
c10: 我也要吃给我吃吃
c11: 局长什么时候来武汉？
c12: 有点简陋 不过好在没什么离经叛道的操作
c13: 欢迎局长来武汉！
c14: <用户名>🐖 我以后给大家评鉴一下意大利面
c15: 伦敦老是没时间仔细探索，英国的提拉米苏水平不比北京好多少。香港还没有考察过呢
c16: 局长是做什么工作的 居然真的为了提拉米苏各地跑
c17: 请问局长有没有吃过伦敦连锁意式咖啡店Brera的提拉米苏？ 我觉得挺好吃的，但是不知道够不够正宗。想问问英国提拉米苏哪家强？以及，香港的有好吃的吗？超级感谢
c18: 好抽象<用户名>
c19: @🥪 <用户名> 哈哈哈哈哈哈哈哈差点以为是落马自传
c20: 美善品的食谱请局长鉴定",0,"Comments are varied, or repeated wording is naturally explained by the topic (e.g., common reactions, factual answers, or repeated questions); no clear multi-comment coordination pattern."
candidate_0167,Train_2,train_931,0,14,0.0,low,0.0242,[],[],[],"c01: 好像换了个ceo对吧，还是啥传统部门出来的
c02: 太多人想跟他身生孩子了
c03: 美国的人形提款机罢了
c04: 最好的结局
c05: 没事9月28就又被另一个部门抓走调查了 然后再更新一个时间
c06: 玩币<用户名><用户名><用户名>
c07: 迪拜这地方估计以后也不安全了
c08: 一群人啥证据这那的都不看一眼就在这说犹太人xx这xx那的 别笑死我
c09: 他现在就是只羔羊
c10: 也是香的
c11: pavel durov什么时候放呢？
c12: 他老实待在迪拜不就好了
c13: 币安app里面针对中国人的合约交易杠杆默认就是20倍，最高可以100倍，这个不是网络赌博又是什么！币安要是敢针对美国人开展这么高杠杆的合约交易业务，FBA分分钟教会赵长鹏怎么做人！还会只被判几个月监禁！中国的司法机关应该立即行动起来，要求美国政府把赵长鹏引渡到中国来受审！任何虚拟币交易平台，如果胆敢向中国公民开展高杠杆合约赌博交易业务，就是在经营网络赌场，中国的执法机关应该严厉处置惩罚相关负责人员！ 目前国内的监管机构只是对币安、欧意这类虚拟币交易平台的网站、app下载进行屏蔽，这是远远不够的！
c14: 不是和解了吗，怎么也抓进去了",0,"Comments are varied, or repeated wording is naturally explained by the topic (e.g., common reactions, factual answers, or repeated questions); no clear multi-comment coordination pattern."
candidate_0168,Train_2,train_1235,0,16,0.0,low,0.184,[],[],[],"c01: <用户名>
c02: 有短剧就是这么拍的！
c03: 我就说我们是npc吧，证据在这@<用户名> one and only
c04: 天生圣体<用户名>
c05: <用户名>
c06: 刷到过原视频
c07: 看过
c08: <用户名>. 笑死了 好离谱啊
c09: 我不是异性让我上
c10: <用户名>
c11: <用户名>🍟 天生霸总圣体
c12: 看过一个小说很有意思，男主对所有人过敏除了一个女生，但这个女生不是女主，男主喜欢的是另外一个女生，他对女主即便过敏也要忍着去爱她
c13: 我靠这是真的假的
c14: 也有点像日漫《洁癖男子青山君》青山君的洁癖让他几乎无法和任何人正常相处，除了一个女生，但是他俩纯友谊，青山君和后来追他的后藤萌花在一起了
c15: 不知道有没有朋友看过一部剧，很多年之前的《逆袭之星途璀璨》，里面男主就是对女生过敏，然后慢慢对女主脱敏
c16: 星海镖师，迷茫管家",0,"Comments are varied, or repeated wording is naturally explained by the topic (e.g., common reactions, factual answers, or repeated questions); no clear multi-comment coordination pattern."
candidate_0169,Train_3,train_2214,0,20,0.0,low,0.0922,[],[],[],"c01: 可是小时候摔的疤还在腿上啊
c02: 有些人会夸大事实的，小的时候摔一跤都会很疼，感觉天旋地转，但是现在无足轻重了，但是你跟别人说的时候，就会说哎呀我小时候摔的可惨了，然后说着说着自己就信了，于是你有了一个悲惨的童年
c03: 太真实
c04: 那去医院检查出来的抑郁症怎么说？不要随意乱评价你认知之外的事
c05: 吃的不营养
c06: 生病也别想让我出钱自己想办法
c07: 建议评论的，都先收藏起来，等自己有了小孩，再翻出来看看自己的想法有没有新感悟
c08: 表面是这样，实际呢。
c09: 还有，我心情不好了能让我打骂，敬老院的💰也要自己出，伙食费嘛，还是取消算了，都老大不小了，得学会自己出去赚。养老金得上交一部分，平时的家庭开销也要全部承担，不能依赖别人。如果做不到那就每天发脾气，指着鼻子骂
c10: 别说老了，你用他们说的话来回复他们，他们自己都受不了
c11: 我妈妈说话很直 导致从小就跟妈妈不亲近 甚至在外人看来 我们像是仇人 但是长大了之后 逐渐理解了妈妈 不爱自己孩子的父母必然是少数 只是表达方式不同 因为我接受不了自己爱护的小孩用这种方式对自己 所以选择不要小孩 对大家都好
c12: 为什么呢
c13: 以前的父母也不一定消化了，消化後還折磨出現在的孩子們嗎打哈欠會傳染，笑聲也是，當然焦慮也是
c14: 整天都在提感恩感恩，父母对我从来都没有爱，只有恩，所以要我报恩
c15: 我妹妹得到全家人的关注和爱，还是抑郁症，心理太脆弱了。整体玩手机打游戏 ，家人一句话不敢说重。
c16: 她自己无语凝噎绝对是心虚啊！我妈小时候对我还好，所以我如果这样说，她肯定开心的
c17: 今天看到一个视频，说以前的人父母天天打骂，为什么很少抑郁。因为孩子挨完说挨完打可以从家里出去小伙伴玩，大家一吐槽，玩一圈到天黑回家了，这些情绪就消化了。现在高楼大厦，孩子天天在楼上 ，打骂吵闹完，只能回房间把门关上，实际上孩子还处于这个空间，情绪没有缓解，也消化不了，更不能释放只是默默的压在了心里。我看了也挺有道理的
c18: 某天跟亲妈在床上聊天，我说: 小时候你怎么待我的，老了我肯定也怎么待你。然后亲妈无语凝噎说不出话，气氛凝重，感觉她无比失落和死心一般。那一刻我感觉自己好像说了很残忍的话有些自责。但说真的，她那一刻是意识到了小时候对我不太好？还是觉得这个女儿不孝又无法反驳还是啥？我一直没想明白
c19: 因为现在小孩聪明，说不过就装抑郁，就可以光明正大不学习打游戏
c20: ip正确",0,"Comments are varied, or repeated wording is naturally explained by the topic (e.g., common reactions, factual answers, or repeated questions); no clear multi-comment coordination pattern."
candidate_0170,Train_1,train_1489,0,7,0.0,low,0.0274,[],[],[],"c01: 没有筷子能用什么代替
c02: 简化版伏羲卦吗
c03: 梅花
c04: 谢谢你
c05: 小棒应该也可以
c06: 谢谢
c07: 没那么多筷子可以用棉签替代吗",0,"Comments are varied, or repeated wording is naturally explained by the topic (e.g., common reactions, factual answers, or repeated questions); no clear multi-comment coordination pattern."
candidate_0171,Validation,val_105,0,19,0.0,low,0.0885,[],[],[],"c01: 昨天在Reddit上也刷到了 四大真的是都有毒 toxic的不行，能一路爬到上面的大多都是heartless assholes, 你想上去就得一起同流合污
c02: 超级赞同，大家真的不要把工作当会事儿，真的能敷衍就敷衍，千万不要较真
c03: 前司有个同事走了之后在领英发，他自己开了个剪草坪的生意。当时不理解，现在觉得他才是正常人
c04: 早已经领悟了，大家都是工具人而已，各取所需，没必要搭上感情和健康
c05: 如果知道自己身体没有那么好的 就应该有意识得避开某些行业某些公司
c06: 在四大请病假就是罪过
c07: 唉 就是了。给最少的钱买断员工的生活（生命）虽然我自己也在这个圈子里工作好多年，这些年见识到的abuse, bully 和不把Junior同事当人对待的事情太多了，近两年越来越恶劣了。因为很多事情超出了我的认知和做人的底线，我也决定跳出来，一边休整心理健康，一边学习新技能，换个正常的工作。
c08: 还怪死者了
c09: 哪里的四大都有毒
c10: 印度人太卷 可怕 每年都死人
c11: 不是敷衍，该干的活儿要好好干，但实在干不完，影响到健康了，一定要勇敢反抗，不要硬着头皮糟蹋自己身体。一份工作而已，大不了被开掉，命都没了，还要工作干嘛。
c12: 这么恐怖
c13: 没错，所以别太上心
c14: Never understood these ppl on LinkIn Guys im starting my position at xxxx. !! Im so thrilled and excited. Like chill fr, yall being a slave busting your ass to make someone else rich 🤦‍♀️🤦‍♀️🤦‍♀️
c15: 打工人想参加也不敢吧 明着和公司对着干
c16: 她都不担心你你担心她
c17: 之前悉尼ey也是有个女员工在半夜从公司跳楼，说是因为bully和racism
c18: 真想发给我妈看，非得让我去做审计，我说累，工资低，转行她又不乐意，说人不能活的这么功利……但是给她看了她又会担心
c19: 想起当年，sick leave是不promote你的理由，一天sick leave都不能请。Toxic到不能再toxic的环境…",0,"Comments are varied, or repeated wording is naturally explained by the topic (e.g., common reactions, factual answers, or repeated questions); no clear multi-comment coordination pattern."
candidate_0172,Train_3,train_960,1,18,0.0,low,0.2365,[],[],[],"c01: 哈哈哈哈
c02: zara哦
c03: 像爸爸 果然女儿都像爸爸
c04: 没有半点妈妈的痕迹
c05: 像老公哈哈
c06: 项链好看，但是价格劝退
c07: 像tt多一点！
c08: 像你，你老公跟阿油有点相似
c09: 想知道口红嘤嘤嘤
c10: 姐妹 想知道多少钱
c11: 但可能越长大越像粑粑
c12: 想要 睫毛睫毛
c13: 项链好看 什么牌子
c14: skinstar滴！仙子毛
c15: 自我感觉下嘴唇和脸型像我
c16: sunniesface bruntte
c17: 请问背心有没有🔗呀
c18: 同蹲",0,"Comments are varied, or repeated wording is naturally explained by the topic (e.g., common reactions, factual answers, or repeated questions); no clear multi-comment coordination pattern."
candidate_0173,Train_3,train_944,0,13,0.0,low,0.1576,[],[],[],"c01: 还有那么多…但是没放出来了，放出来我再更新！
c02: 小猫咪皱眉
c03: 经典打卡点
c04: 什么寿司店！
c05: 可爱捏皱皱巴巴的小猫
c06: 刚看完打乒乓球，瞬间来了穿皮衣的路透状态都很不错嘞
c07: 好辣
c08: wow！
c09: 这个其实是库存她才放出来的
c10: <用户名> 宝宝好漂亮
c11: 那么俊
c12: 我的天又是这家寿司店
c13: 头发更黑了耶",0,"Comments are varied, or repeated wording is naturally explained by the topic (e.g., common reactions, factual answers, or repeated questions); no clear multi-comment coordination pattern."
candidate_0174,Train_3,train_1410,1,20,0.0,low,0.212,[],[],[],"c01: 哎我去
c02: 王厚元饺子很可以，锅包肉是真的不行
c03: 全运的可以
c04: 看着却不像好吃样
c05: 这周就去吃哈哈哈
c06: 王厚元小菜炒的，确实可以
c07: 王厚元就可以
c08: 王厚元我最喜欢的是那个铁板的茄盒
c09: 下次试试
c10: 我吃挺好吃的呀！
c11: 我家附近那个王厚元的饺子不好吃
c12: 他家我的最爱就是烧烤牛肉
c13: 第一回吃，我俩还挺爱吃呢
c14: 饺子特好吃
c15: 去沈阳打算吃下饺子，能推荐一下么
c16: 他家有个鲜黄花菜拌扇贝，千万不要点，我家里人吃住院5个，我本人挂了三天点滴就是月初的事儿
c17: 意外的好吃！
c18: 哈哈冲！
c19: 烧烤牛肉yyds
c20: 好吃的！",0,"Comments are varied, or repeated wording is naturally explained by the topic (e.g., common reactions, factual answers, or repeated questions); no clear multi-comment coordination pattern."
candidate_0175,Train_4,train_3016,0,16,0.0,low,0.113,[],[],[],"c01: 眉毛换了没有！baby真是爷青回
c02: 嫩模打扮真的超好看！！
c03: 其实挣的钱都够这辈子花了，完全可以体面的淡出
c04: 上海
c05: 她适合染发+全包眼线+美黑 有种小野豹甜心
c06: 她不在内地活动了吗？怎么突然就塌了
c07: 小海绵是上海读书还是hk？
c08: 明星开销很大的，由奢入俭难，买个包包衣服几十万的，不过她们资产确实花不完
c09: 马丁靴应该是miumiu 的吧
c10: baby的穿着就是很随意很生活感！给人感觉就很亲切啊！而且真是神颜太美了...叶柯那天天端着穿的那些衣服不觉得累吗？两个胸感觉加起来都有10斤了...看着都觉得累
c11: 跟叶珂比还是喜欢baby
c12: 加油 提升自己 提高演技 一切都会在是你的
c13: 美死了
c14: 她在香港确实比内地好看，内地的红唇烈焰妆太浓不适合她
c15: 去法国看了个光光秀，好像止了
c16: 不是 是红蜻蜓官方发的图哈",0,"Comments are varied, or repeated wording is naturally explained by the topic (e.g., common reactions, factual answers, or repeated questions); no clear multi-comment coordination pattern."
candidate_0176,Train_2,train_126,1,19,0.0,low,0.105,[],[],[],"c01: <用户名> Mushroom🍄
c02: 名创的婴儿棉签，头是小小的那种很好画
c03: 孩子怎么有黑眼圈
c04: 这种小巴掌是怎么画的啊
c05: 笑死我了可以可以
c06: <用户名>
c07: 我家的也是啊啊啊啊一定要找到熊手
c08: <用户名> 好可爱呀！！！！
c09: 不会画但给它买了个草帽
c10: 不知道怎么处理别的平台的盗图，但是大家如果喜欢自嘲熊又不太会买日谷的话，可以试试韩版的熊挂件，气质不输而且价格合适，比这些看到火了就立马踩缝纫机打版的假货要值得多！！
c11: <用户名> 让她cos一下
c12: <用户名> 我找到那个表情包原图了
c13: <用户名>
c14: 一定要管，不然越来越猖狂
c15: 立刻
c16: <用户名> 给我存无水印微信表情包
c17: 熊 不怕 我去捉拿打熊犯
c18: 看起来是猫打的
c19: 打熊犯",0,"Comments are varied, or repeated wording is naturally explained by the topic (e.g., common reactions, factual answers, or repeated questions); no clear multi-comment coordination pattern."
candidate_0177,Train_1,train_2112,0,15,0.0,low,0.254,[],[],[],"c01: 我在以色列和叙利亚边界，一声好想吃红烧肉啊，身后传来一句：来吧，晚上来我的店烧给你吃（台湾同胞）
c02: 广东人=中国走地鸡 中国人=世界走地鸡（不喜勿喷狗头保命）
c03: 泰国甲米全是印度人
c04: 我在冲绳水族馆买周边找了一圈80%都是made in China都没啥购买欲了
c05: 感觉广东人比较少见，东北人是真的到处都是
c06: 这牌子真就哪里都有，给我看乐了
c07: 新西兰已经感觉三分之一是印度人了
c08: 中国无处不在
c09: 很多在国外的中国人致力于宣传八国联军侵华以及日本在我国的暴行 你说认同感强不强
c10: 去中东，你也是冒险家了
c11: 希望歪果仁知足 总比被印度人包围强
c12: 我在叹息桥上自言自语：这是叹息桥吗？旁边飘来一句话：是的！这是叹息桥
c13: 不知道在外面的中国人，民族认同感还强不强
c14: 没错。中国人会建中国城。弄的漂漂亮亮，变成一个城市的地标。但是印度人，无孔不入。然后脏脏的。但是不得不说，印度咖喱确实好吃 在英国吃一吃还行，可别去印度吃啊
c15: 我去日本背回来的玩偶手办，您猜怎么着，made in China",0,"Comments are varied, or repeated wording is naturally explained by the topic (e.g., common reactions, factual answers, or repeated questions); no clear multi-comment coordination pattern."
candidate_0178,Train_2,train_2193,0,15,0.0,low,0.0434,[],[],[],"c01: 情关相当于凡人历劫吧 历劫一次有一个转变
c02: 听到爱情都头大
c03: 一个人这辈子最重要的就是要有危机意识，学会居安思危，如果你没啥本事没啥技术，目前的日子又很安稳岁月静好，也要想到不可能永远过这样的生活，在闲暇之余学习一项安身立命的本事，离开谁都没问题，当然也要祝福大家都能够婚姻幸福，生活美满
c04: 什么情啊爱啊都没有自己口袋里面的钱重要，任何时候自己口袋里面的钱才是自己最大的底气
c05: 生命中任何遗憾都不是自己单方面造成的，不要自责不要内耗自己，向前看！
c06: 加油姐妹，好好备战考研，研究生重新找一个
c07: 你的身边应该有男人，心里不应该有男人。
c08: 能各取所需就好啦
c09: 大考遇情关是真的吗，我现在考研究生，五月份和前男友分手，他之后无缝衔接，和他妈说我太主动，说一开始没看上我……我一直在被欺骗，这一年真切感受到了一个人这么能装，人有多恶，在感情上祛魅了
c10: 我也是快30岁才懂的道理，人要内求，你想要的那些东西，只有自己才能百分之百无条件的给到
c11: 经常看连线离婚律师的视频，谈到结婚双方都在计算谁吃亏比较小，爱情跟车房比起来似乎没那么重要吧
c12: 妙啊
c13: 不要企图通过婚姻逃避人生的困境
不要把自己的人生课题交予他人
不要企图任何人无条件救赎你
不要把自己当成祈怜的弱者
不要为自己的偷懒找借口
不要幻想着天上掉馅饼
不要丢掉人生的主线
不要依赖任何人
不要失去自我
不要走捷径
要爱自己
靠自己
c14: 对！我24这年也懂了
c15: 热知识，婚姻法保护的是财产，又不是爱情所谓爱情，不过是人类需要繁衍下去，必须赋予某种东西意义？",0,"Comments are varied, or repeated wording is naturally explained by the topic (e.g., common reactions, factual answers, or repeated questions); no clear multi-comment coordination pattern."
candidate_0179,Test,test_266,0,19,0.0,low,0.75,[],[],[],"c01: <用户名>
c02: <用户名>💎擀面杖
c03: 天呐
c04: 哈哈
c05: <用户名>
c06: <用户名>
c07: <用户名>
c08: @🌻
c09: nb
c10: <用户名> 就这么骗小黄毛
c11: <用户名>&Knight
c12: 欣怡从学校回来天塌了
c13: 智慧女人🧍‍♀️
c14: <用户名>
c15: <用户名> H. 哈哈哈哈
c16: <用户名> 哈哈哈哈 笑死
c17: 哈哈哈哈
c18: <用户名> 哈哈哈哈哈哈
c19: <用户名>",0,Near-duplicate laughter/mentions are ordinary social reactions rather than a substantive repeated promotional template.
candidate_0180,Test,test_383,0,16,0.0,low,0.1652,[],[],[],"c01: 感觉没有明确表示同意，最好再问一遍防止被养鱼了，说老师您这边一直都是我的第一选择，如果老师您这边确认的话我就不去麻烦其他老师了类似这种让老师确定的话
c02: 这是官场话，不代表一定要你，还是要再直说问一下，楼下回复的就可以
c03: “老师，我想再确认一下，咱们双选现在需要签名吗，或者届时您是否为我保留一个名额呢？您一直是我的第一选择，如果咱们这边确定的话，我就不再叨扰其他前辈了🌹🌹”
c04: 导师回复了一句说欢迎直升他的硕士研究生是啥意思
c05: 感觉这种有机会的，我这边老师会打微信或者电话聊一下。但是有的他们不确定名额 也会明确说优先考虑啥的
c06: 请问…这种是学硕要联系吧，专硕应该不用联系吧？
c07: 同问，但是我记得专硕也是要选导师的，而且我想知道现在已经在选导师的是25考研还是24考研的呀是24的话现在不是已经开学了吗而且要进组的早就进组了，25现在还没考咋就开始选导师了
c08: 要的要的啥都要联系
c09: 面谈的时候就说了他要求高和问了我后期安排，之后让我回去好好考虑一下，没有问我的想法什么的这种是什么意思呀，后面我给他发信息说了我的第一志愿还是他这种
c10: 宝宝们后续因为我太焦虑不知道老师到底是什么意思，所以又向老师争取了一下，老师让我别焦虑愿意给我这个名额，所以我觉得大家要是摸不清老师是什么意思可以勇敢的再去问一下，老师们人都很好
c11: 教育学要联系老师吗
c12: 老师和我说好，我不知道怎么回了
c13: 给导师发了邮件，她要我去面谈，这是啥意思啊
c14: 你最开始问的时候就应该问清楚不要模棱两可
c15: 借楼想找个学姐问一下本科生与导师相处的问题，有偿
c16: 怎么没有早几个月看到哭死了，复试完就联系了，开学了跟我说淘汰制",0,"Comments are varied, or repeated wording is naturally explained by the topic (e.g., common reactions, factual answers, or repeated questions); no clear multi-comment coordination pattern."
candidate_0181,Train_2,train_1082,0,20,0.0,low,0.1941,[],[],[],"c01: 蒸的哈乖乖
c02: 马甲线需要多做平板支撑，多练核心，腹肌需要多练卷腹，抬腿类的动作，腹肌在经常锻炼的情况下，需要更低的体脂率才能显现出来
c03: 这都被你看出来了乖乖
c04: 有意思
c05: 你是不是00后,看起来好幼太
c06: 请问红薯是蒸的还是烤的呀
c07: 小白一个。我很瘦。偶尔帕梅拉。但是我有小肚子。怎么办啊？我好想拥有你这样完美的马甲线啊你能救救我吗妹妹
c08: 我也不开心
c09: 要做的哈
c10: 那就行
c11: 请教一下、川字马甲线和你的这种腹肌形态 训练内容不同呢，还是说川字马甲的基础上加重量和强度就是你的这种腹肌啊
c12: 拿下你了没
c13: 我也健身，但这样吃我会不开心
c14: 欺骗餐也不是啥都吃，一顿两顿就可以了，不然两天就给你吃回去了
c15: 请问姐姐是不是完全不做有氧？
c16: 你的脸和体型差距好大，脸感觉是乖乖妹妹，身子就是给我三拳我头七
c17: 请问我想减脂，周一到 周五吃的相对干净，周末能用18➕6饮食吃欺骗餐吗？太爱吃了
c18: 饮食➕运动哦，体脂低了马甲线就出来了
c19: 肌肉排列好标准！
c20: 和我老婆身高体重几乎一样",0,"Comments are varied, or repeated wording is naturally explained by the topic (e.g., common reactions, factual answers, or repeated questions); no clear multi-comment coordination pattern."
candidate_0182,Validation,val_328,0,18,0.0,low,0.1688,[],[],[],"c01: 是东京10吗多少ml啊
c02: 但是真的好好闻啊
c03: 退完税2100啦～
c04: 素万那普机场免税店50ml的1400
c05: 有城市限定吗
c06: 前天在日本1800搞定
c07: 几ml?
c08: 关西机场100ml1500刻字
c09: 很神奇的味道 一开始sa给我喷在纸上我真的闻不出来味道怀疑自己鼻子有问题了 拿着试香纸出门走了50m都不到，一下子闻到味道了！转身就回店里拿下了
c10: 哪家的
c11: 国外退完税价格比国内refill还要便宜
c12: 我澳门买的2331元
c13: 我感觉它就是体香，因为我喷13的时候别人会说 你好香，而不是你的香水好香，大概是这种感觉
c14: 是10吗
c15: 我看很多人喜欢another 13，我试了试为什么闻不出什么味道呢？好像喷了个寂寞，是我的嗅觉有问题吗？！
c16: 上海专柜100ml 3960💰我破防了
c17: 有没有出10号的
c18: 目前在蹲余量瓶~",0,"Comments are varied, or repeated wording is naturally explained by the topic (e.g., common reactions, factual answers, or repeated questions); no clear multi-comment coordination pattern."
candidate_0183,Train_1,train_3324,0,20,0.0,low,0.7275,[],[],[],"c01: <用户名>
c02: <用户名>
c03: 你看看带我看
c04: 从哪看啊
c05: 上世纪的恐怖片真的好多都非常有审美，阴风阵阵1977给我看呆了，然后把剩下两部母亲三部曲都看了，非常厉害非常美
c06: 码住！
c07: 一些比较冷门古早的影片我都是翻墙找的
c08: 双女主的cult film都比较养眼,磁场也更美妙
c09: <用户名>.
c10: 你先看<用户名>
c11: 都是出自意大利恐佈电影大师“达里奥·阿基多”之手！他执导的其他作品我之前也有分享过
c12: 我靠 好喜欢这种梦魇交错的感觉啊 还是双女主的
c13: <用户名> 你看看带我看
c14: <用户名> 哇塞！
c15: 梦魇
c16: 下次看
c17: 喜欢！😋
c18: 88年的片 你先看
c19: 需要资願👆🏻请関注后申请入輑
c20: 不看",0,"Comments are varied, or repeated wording is naturally explained by the topic (e.g., common reactions, factual answers, or repeated questions); no clear multi-comment coordination pattern."
candidate_0184,Validation,val_216,1,19,0.0,low,0.1569,[],[],[],"c01: 星芒和点点是贴纸吗
c02: <用户名> 我要做这个 支持吗
c03: <用户名> 好美
c04: 宝宝请问是哪家店呀
c05: 戒指有链接吗 小姐姐
c06: <用户名> 这个适合宝！！！！！
c07: 好看的
c08: 哇好好看
c09: 小姐姐 他家要两瓶才卖 能再推荐一款吗 谢谢
c10: 戒指是哪家的呀
c11: 支持
c12: <用户名>🌈
c13: <用户名>
c14: 宝你截图搜我也不记得了
c15: 你要不要看看我id名
c16: 手绘哦宝
c17: 嘻嘻 8月中做的
c18: ok！！做！
c19: 宝那你随便买一款贝母螺纹胶就好",0,"Comments are varied, or repeated wording is naturally explained by the topic (e.g., common reactions, factual answers, or repeated questions); no clear multi-comment coordination pattern."
candidate_0185,Train_3,train_501,0,16,0.0,low,0.1095,[],[],[],"c01: 是呀，下班坐在车里，时间和空间就都是属于自己的了
c02: 乍一听很心动，细一想不如乍一听。首先你有个有地下车库的房子其次再付费买个车位，房贷加车贷的压力比加班到八点更令人疲惫。一个月能有几个下雨天，细枝末节的好处替代不了买车后接踵而来的养车麻烦
c03: 我的后备箱装了羽毛球拍，网球拍，浮板，拖鞋，球鞋。
c04: 开车有幸福感的前提是公司和家里都有地下车库我们公司停车紧张要在外面停，还要走十分钟才能到公司，该淋的雨是一点没少淋
c05: 如果居家办公还有必要买车吗？可能一个月最多出两三次门
c06: 上下班通勤30公里，以前没买车，从出门到进公司，单车-地铁-步行，得50分钟的样子，风吹日晒。买了车，正常上班就20多分钟，下班经常塞车，半个多小时的样子。都是停路边，不用交停车费。一个月500油费（以前地铁250），我觉得很舒服。
c07: 晚上八点到家没有停车位只好停在别人车前面，早晨六点睡眼惺忪被人打电话催下楼挪车
c08: 30公里？正常20分钟？塞车30分钟？油费500？不用停车费？哪个城市如此地广人稀？
c09: 房子，车位不能租吗？
c10: 开车的意义
c11: 看你是什么情况啊，如果到年纪有女朋友了有辆车还是很有必要的，如果就是自己一个人在外面生活的话可以不买
c12: 做坐标上海，直到我搬到外环外新房带地库，上班日错峰，才能体会开车的便利，其他时候，地铁电动车任选
c13: 注意安全哦，记得开启车窗除雾，愿我们都能安全到家
c14: 好可爱呀～
c15: 之前看其他的评论区有一个评论，买车前到家才是回家，买车之后上车就是回家了。
c16: 但是雨夜 车窗起雾 后视镜啥也看不清 开车必须全神贯注精神紧绷 累的要命",0,"Comments are varied, or repeated wording is naturally explained by the topic (e.g., common reactions, factual answers, or repeated questions); no clear multi-comment coordination pattern."
candidate_0186,Train_3,train_376,0,17,0.0,low,0.298,[],[],[],"c01: 你7街训！！！
c02: 有无这个
c03: <用户名> 好心动
c04: @💨 喜欢这个
c05: 好得意啊 在澳门没看到 在哪在哪
c06: 多少钱一张呀 能不能代购
c07: 好可爱
c08: <用户名> Lei Lab 在這裡！
c09: 我都有哈哈哈哈哈哈
c10: 我笑死
c11: 回复 唔好问我点解咕咕咕: 你帽根治我，你7街训
c12: <用户名> 看到就想分享给你
c13: 又冇写店唔知系边窝
c14: 蹲一个地址
c15: <用户名> 带个给我
c16: 何太，唔好跟住我
c17: 咩叫 你帽根治我？",0,"Comments are varied, or repeated wording is naturally explained by the topic (e.g., common reactions, factual answers, or repeated questions); no clear multi-comment coordination pattern."
candidate_0187,Train_3,train_2670,0,18,0.0,low,0.0452,[],[],[],"c01: 拿下！
c02: 姐妹求助！！我肿么领了券用不了呀
c03: 又买了一单 这回是真爽了
c04: 交作业
c05: 我用不成
c06: 部分商品用不了券，你直接去我的优惠券那里点立即使用，然后搜tagi看看哪些品能用的？
c07: 这是抖音还是啥！
c08: 请问不开通白条可以使用吗
c09: 谢谢宝宝！我来了
c10: 真的爽！
c11: 这个鞋很滑
c12: 啊啊啊收纳包我也想要！
c13: 还有吗 怎么买
c14: 为什么我没用啊谁教教我
c15: 凑单的退掉一个的话剩下的还会发货吗
c16: 爽！
c17: 会的
c18: 买到了！",0,"Comments are varied, or repeated wording is naturally explained by the topic (e.g., common reactions, factual answers, or repeated questions); no clear multi-comment coordination pattern."
candidate_0188,Train_4,train_1239,0,8,0.0,low,0.0474,[],[],[],"c01: <用户名> 嗑黑花每天醒来第一件事就是张嘴吃饭
c02: p1居然是菠老师
c03: 让他立字据
c04: 累了，睡觉，明天有看到再继续
c05: 啊啊啊啊啊啊最近疯狂上头 太好嗑了<用户名>
c06: 老铁，难道只有我发现p2竟然是连城老师吗
c07: 啊woc
c08: 我知道啊，不过是p3哦",0,"Comments are varied, or repeated wording is naturally explained by the topic (e.g., common reactions, factual answers, or repeated questions); no clear multi-comment coordination pattern."
candidate_0189,Test,test_485,0,16,0.0,low,0.09,[],[],[],"c01: 很悲伤的书
c02: 读完太压抑😭
c03: <用户名>
c04: 喜欢这个装帧，现在的精装硬壳太难受了
c05: <用户名>
c06: dl
c07: 超喜欢
c08: 这段我也记忆深刻因为我就是这种人 用加速分离来逃避分离
c09: 我尝试通过这本书来理解我爱的人此刻正在经历的痛苦，出于这个目的，这本书像一个悲伤的开关
c10: “恐惧分离啊，原来这些年来我都那么深地憎恨着分离，原来我一直都在我心的最深处不原谅世间有分离的存在，原来我还是用小孩捂住脸赖着蹲在地上哭泣的方式，在心中仪式化地拒绝与所爱的人分离，原来我正是用加速分离在逃避分离”
c11: 是的哦
c12: <用户名> 我们学校也应该有！！！
c13: 感觉哪个版本好啊！
c14: 如果是ccnu的话 像是我前几天刚还的
c15: 朋友送的台版，读完之后用透明胶贴了四角，打算珍藏一辈子。
c16: <用户名>",0,"Comments are varied, or repeated wording is naturally explained by the topic (e.g., common reactions, factual answers, or repeated questions); no clear multi-comment coordination pattern."
candidate_0190,Train_1,train_2916,0,15,0.0,low,0.1844,[],[],[],"c01: 图一可以对应百分之九十九搞艺术的
c02: 只要没有擅长的领域。别人就超不过我
c03: 还有白天怎么打扮可能形象都不够好洗澡随便收拾照镜子觉得自己就是刚下凡的仙女，气质一绝
c04: 哦不是吧，怎么又是你啊（猫猫嫌弃
c05: 第1个我是真的接受不了，会难受很久，奋发图强。争取赶上对方。不然心里永远不踏实
c06: 有没有人翻译一下P8
c07: 有没有人截图那个反驳型人格的评论我纯猎奇
c08: 图1只要不断增加擅长领域的交叉次数就可以无人超越，比如在绘画领域里的计算机视觉领域里的养生领域里最会打水漂的
c09: 难道您就是哲学大师
c10: 点了 梗图居然还有人较真
c11: <用户名> 够了可以了
c12: <用户名>
c13: 我嘞个热一评论里的反驳型人格
c14: 图14是什么意思，看不懂
c15: 看来你不怎么运动",0,"Comments are varied, or repeated wording is naturally explained by the topic (e.g., common reactions, factual answers, or repeated questions); no clear multi-comment coordination pattern."
candidate_0191,Train_4,train_3472,0,20,0.0,low,0.1292,[],[],[],"c01: 地级市运营商吗我以前也是。。。
c02: 你去看看中移动的业绩。半年净利润800个亿
c03: 20年以前大家都瞧不上
c04: 能进就不错了，现在这竞争压力都往体制内走
c05: 2000年左右进来移动能分房，工作强度低，薪资在全国排中上，瞧不上？
c06: 以前我们这都是湖大和中南的，中间几年都是普本，今年开始又有985了
c07: 去年也是吧 我有一回都快排到澡堂了
c08: 两电一邮……现在都沦落到两邮一电了？明显降好大一档次
c09: 移动研究院都被挤到三楼食堂单开了
c10: 好进啊，炮灰多多益善
c11: 妈呀
c12: 你好，我今年北邮毕业，现在在卖卡
c13: 运营商好进吗
c14: 这大环境
c15: 我们这边的移动地市公司，以前就不少好学校的，两邮一电很正常。
c16: 并不，大家只是焦虑地投，但是不会真的去
c17: 谁说不是呢，而且招聘的人说了，连家乡的省分都竞争激烈，让我最好再投多个市区级岗位呢。
c18: 物联网开了四层食堂 逆天
c19: <用户名> 今天校招双选会好像人巨多
c20: 一堆",0,"Comments are varied, or repeated wording is naturally explained by the topic (e.g., common reactions, factual answers, or repeated questions); no clear multi-comment coordination pattern."
candidate_0192,Train_1,train_2928,0,20,0.0,low,0.2728,[],[],[],"c01: 我刚准备带一个舒服的枕头过去，这样想家的时候还能抱着枕头哭（我瞎说的
c02: 我记得有个留学生回美国前，家里人在他行李箱里放了一套高等级的防弹衣，能防住美国警察的烧火棍，然后那位仁兄被直接遣返
c03: 洗脸巾到底要带吗
c04: 我长期出远门必备，枕头，夏凉被，洗晒好的床单，最后可以扔掉不带回来，但起码去了就能倒头呼呼睡
c05: 差点给我老妈车钥匙带来了
c06: 我带错了信用卡算吗。把注销的带了
c07: 居然刷到了之前自己的留言，汗流浃背了
c08: 不要，我这个ip打折时候买6刀一袋子
c09: 是的！！！这边很厚的被子也特别贵！而且床上四件套又贵质量又不行还丑！！！我买的床笠，不到一个月就起球了
c10: 出口转内销
c11: 扯淡
c12: 笑死当年笔电的充电线和变压器没带
c13: 笑死我了，之前我看到过一个把家里车钥匙拿走的
c14: 啊这是为啥
c15: <用户名> 幸好 我虽然很多东西没带但没带不该带的东西哈哈哈
c16: 去澳洲上学 打开箱子发现了我妈给我从国内带的澳洲羊毛被
c17: 是那个检查行李缴获车钥匙 公寓钥匙带错了的那个？
c18: 我真的带着被子枕头去的，因为国内桑蚕丝被子才几百，那边普通被子都要600+
c19: 我把我妈的钥匙扣还有车钥匙带来了
c20: 上一世，我本是上市公司老总唯一的掌上明珠，哪知那个渣爹养了一个SI生女，借着保护我的名义和我进入一个公司，表面上对我唯命是从，背地里却一肚子坏水，怂恿我干尽坏事。我被诡计多端的SI生女所害，父亲厌弃我，身边的人都远离我，甚至最后流落街头。
好在老天有眼，让我重活一世，我自然要好好珍惜，这次我要夺回属于我的一切，发誓要让伤害我的人付出代价。
重活一世，我再也没有像上一世张扬高调。这一世我兢兢业业，从底层做起，苦心磨炼。现在只需要关注我，祝我一臂之力涨到500粉丝，我就能东山再起，和邪恶的私生女一决高下。再也不会让上一世的悲惨重演。",0,"Comments are varied, or repeated wording is naturally explained by the topic (e.g., common reactions, factual answers, or repeated questions); no clear multi-comment coordination pattern."
candidate_0193,Train_4,train_2769,0,17,0.0,low,0.1193,[],[],[],"c01: 这个盘子是在9先生那里买的吗
c02: 教程有的不
c03: 是的，寻找快乐就好
c04: 不是，就是淘宝定制
c05: 好喝
c06: 最近兴趣是每天研究新特调
c07: 巨好喝！我的爱
c08: 欢迎
c09: 哈哈哈，感动
c10: 所以从来不喝特调
c11: “不要在特调里寻找主观的咖啡味”
c12: 被感动到了
c13: 我只是觉得很复杂
c14: 好的 下周就去喝
c15: 哈哈哈，有机会可有试试，偶尔换个口味，没准可以发现新大陆
c16: 等这一期特调结束，我们就公开配方和做法
c17: 提问！上面的番茄是鲜番茄还是冻干呢？🙋🏻‍♀️",0,"Comments are varied, or repeated wording is naturally explained by the topic (e.g., common reactions, factual answers, or repeated questions); no clear multi-comment coordination pattern."
candidate_0194,Train_3,train_3062,0,19,0.0,low,0.0583,[],[],[],"c01: 尊重她吧，但是你要告诉他，这个世界上现在休学的遍地都是，不缺做服务的，说白了一个月工资一千来块钱很累，她可以为自己买单就行
c02: 谢谢你的建议
c03: 我再看了看，也有可能是她在学校被欺负了，也不能多问她，她会嫌烦，你们要找个合适的时间好好聊聊。如果没人欺负她那可能就是厌学症了，也有可能是游戏害的
c04: 叔叔我也是初中休学回家的，但是您女儿跟我的情况好像不太一样，从您写的文案我看出来您女儿是厌学，从那个晚自习看出来，我感觉老师是有点针对您女儿了，再加上如果您女儿心思太敏感会多想，就会这样，我今年14了初二休学，我是因为同学霸凌加老师长期对我的刻板印象还有我焦虑症中度抑郁，在假期返校之后就对学校萌生一种恐惧，各种不舒服，还是建议去看一下心理医生，如果没什么太大问题，就休病假一两个月带您女儿玩一会，这要长期磨练，我一开始休学父母突然的关心我也会适应不过来，我休学大概也半年了，现在性格也挺开朗的，我也认识能依靠的朋友，我自己认为是这样不像之前十天半个月不说话了，多照顾一下您女儿的心理情况
c05: 是不是沉迷二次元
c06: 现在学校到底怎么了，这么多抑郁的孩，
c07: 这有啥关系
c08: 还有一个事情，我想请教一下大家。有人建议我先不要以抑Y症的名义去请假，因为有学校对这个症很怕，怕在学校里面孩子出事，怕承担责任。所以请假好请，但就怕后面复学比较难，并且以后复学的话在同学中可能也会有一些被贴标签的影响。。不知大家有什么其他的请假方式没有呢？在线等
c09: 换个学校吧，这学校6点半跑操、初一就上晚自习的操作都很诡异，反映出学校的整体风格，估计是压制基本的人性孩子的天性那种....非常形式化无意义且压抑，我猜这种学校还有对仪容仪表和通讯工具使用甚至坐姿站姿的要求吧...
c10: 对啊……才初一有必要6点半到学校还要晚自习吗
c11: 那你怎么不说 人家父母都在打工 你怎么来看手机了？！
c12: 真不想上啊教室开着空调30多度，宿舍5楼教室六楼，去食堂没饭吃，洗澡都是凉水天天累的哭，有空就洗衣服，超雄宿管半夜1点和4点拿个手电筒照我们眼睛宿舍热的睡不着，晚上还有合唱，同学迟到1秒钟被签了旷课，厕所没有门，真的好累天天都是哭着的，老师天天骂我们说我们告她啊能告成算我们有本事她自己上面有人
c13: 我跟这个孩子的情况特别像 基本上就是可以说一模一样 现在已经是休学妹了 我觉得应该了解一下妹妹的心理状况 可能是学校的环境适应不了 最好不要休学 不要放弃学业 多一点耐心 多一点引导 因为休学了 可能只是麻木 但是该焦虑还是会焦虑
c14: 希望可以看到这个评论 我初中的时候就是因为抑郁症 然后开始休学 然后后来到了学校就特别没有归属感 就又休学了 我那个时候是14岁 现在16了真的没有办法适应高中生活 有的时候很无力 就特别焦虑
c15: 可以去医院办一个病历，只要能申请休学的都可以，不过不太好办，估计得拿钱，因精神类疾病休学的，档案上会有记录，对以后的一些事会不太方便
c16: 她提了各种无理要求你都想办法帮她做到了，所以要求越来越多，越来越离谱！学校这么多人都起那么早，都中午午休，都上晚自习，为啥她要搞特殊？！
c17: 感觉不像抑郁症还是多开导一下她吧，初中都上不了高中就更不行了，高中一班里面有百分之八十都是抑郁症，我也不知道为啥觉得我这个正常人好稀有（那些抑郁症有医院确诊的那个啥的，不是装的）实在不行先让他休学一年然后开导一下，后面找个工作体验一下真实的社会。就这么说吧，总不能一点苦都吃不了吧？还是要站在社会的角度，不然现在这样还好以后遇到点什么想不开活着都是问题，不要说什么被欺负不欺负的，还是得习惯吧，社会是只能靠自己，如果真的被欺负了都不敢有说出来的勇气。受气包很吃亏的，如果不改就只能一直吃亏还是得让她自己想清楚，毕竟才12岁等大一点可能就好了（上的是不是有点早了）
c18: 为了这个事，我也网上搜了不少关于青春期叛逆期的资料（居然有1400+份文档了），也看了些父母课堂视频课。如果你家也有同款孩子，并且有经验的也分享指导一下我们这些父母。我也愿意公.益.分享我收集的资料给大家。希望能帮到同样青春期的孩子。谢谢大家了。
c19: 少给压力给她，特别是家庭上的，心思敏感太容易胡思乱想了，她会想这个家是不是因为她所以压力这么大，我不上学爸爸妈妈会不会对我失望，爸爸妈妈对我希望这么重，我这么在家里玩会不会对不起他们",0,"Comments are varied, or repeated wording is naturally explained by the topic (e.g., common reactions, factual answers, or repeated questions); no clear multi-comment coordination pattern."
candidate_0195,Train_2,train_225,0,19,0.0,low,0.2131,[],[],[],"c01: 比较好看，但是因为没有狗血剧情加小鲜肉，感觉播放率不高
c02: 不过这部剧还是挺贴的，本身就是出于毛爷爷诗词，张桂梅又是信念坚定的党员
c03: 每次副县长和教育局长一起出现的时候，我就知道我该准备笑了
c04: 陈有有！
c05: 赞同，可惜了，我现在看所有剧都没有耐心，小视频长一点就浮躁。看不了。
c06: 有没有可能是林有有
c07: 最后一句好真诚啊其实对于没有去过外面世界的山里孩子来讲，用这种理由才能让她们真切的感受到学习的好处
c08: 正在看剧，很好哭，又很好笑。但我向身边人安利，都没什么水花。这部剧确实没有热梗，没有小鲜肉，没有狗血感情戏，所以热度很低观众很少。就像现在的文娱行业，一边抱怨说没有好剧看，一边好剧又出不了头，文化行业就像在慢慢死去<用户名>？
c09: 这素什么剧？
c10: 主要是改名字吧，叫山花烂漫时的电视剧太多了
c11: 因为没有狗血剧情以及演技菜的小白花小鲜肉，所以特地去看了这剧
c12: 山花烂漫时，原来叫大山里的女校，宋佳主演，原型是张桂梅老师创办女校。
c13: 不是嫁给有钱人的问题，是做家庭主妇的问题
c14: 林有有好少见的演好人啊
c15: 除了电视还能在哪里看
c16: 父辈的荣耀里演张晚意老婆，还有萋妻阿秭，都是很出彩的好人角色
c17: 腾讯可以看，不过这两天央视中秋晚会，电视剧停更了。等的有点煎熬了
c18: 突然想到张老师一个学生 考上大学嫁给有钱人 回校捐款张老师不收
c19: 他俩往一块儿一凑那就是笑料而且不知道为啥我一看到副县长我就想笑",0,"Comments are varied, or repeated wording is naturally explained by the topic (e.g., common reactions, factual answers, or repeated questions); no clear multi-comment coordination pattern."
candidate_0196,Test,test_754,0,12,0.0,low,0.2652,[],[],[],"c01: @🌰
c02: 他们自己说了粉丝再怎么吵也不会影响他们的关系，他们真的做到了“我们七个把日子过好比什么都重要”
c03: 我觉得应该会有纪录片
c04: 时团丁宝
c05: ……
c06: 呜呜呜，我的时团宝宝们，都好好
c07: 就是的他们七个人把日子过好比什么都强
c08: 让人心软软的丁宝
c09: 萌鼠了。。。
c10: 你们觉得他们关系有摩擦就往坏处想的时候不乏想想自己和最亲的朋友爱人家人之间不会有情绪不对的时候吗这耽误爱着彼此吗
c11: 说了吧，时团就是很好
c12: 甜蜜一家人",0,"Comments are varied, or repeated wording is naturally explained by the topic (e.g., common reactions, factual answers, or repeated questions); no clear multi-comment coordination pattern."
candidate_0197,Train_1,train_622,0,20,0.0,low,0.0895,[],[],[],"c01: 我是每天直接吃五六个干桂圆，懒得煮
c02: 就唯独我没用嘛...我连泡几天了..哎
c03: 失眠到这个点的我，打开小红书就看到了这条，希望能救我狗命吧，失眠的第二周了…
c04: 我喝了半个月没用了
c05: 哪里有卖
c06: 桂圆30颗，桑葚50g，水400ml，这个比例。喝一天你就困了，寒热搭配，可以长期喝
c07: 我用八颗桂圆，一小把莲子、百合还有几颗枸杞煮水喝，真的睡眠有变好偶尔睡前泡脚
c08: 建议买点 酸枣面吃吃 睡前冲一杯 或者吃一勺 很好睡
c09: 桂圆水真的有用！
c10: 有效果么
c11: 我太懒了 又经常在外面出差不方便
c12: 我就是吃疏肝解郁的，睡眠就会好
c13: 我入睡困难，多梦，睡觉轻，夜里反复惊醒，每天晚上睡前都煮桂圆壳喝，喝了一个周了效果真的挺好的，一边喝一边泡泡脚，睡觉的时候再听着雨声。我之前基本上要在床上滚两三个小时才能迷迷糊糊睡着，现在基本半个小时左右就能睡着，夜里醒来的次数也少了，就是还多梦。
c14: 桑葚是新鲜的还是干
c15: 别泡，水汽重，直接煮，效果很好，最好桂圆：核桃=30：1，安神补脑助眠
c16: 求推荐
c17: 干桂圆 带皮煮
c18: 这玩意确实有用
c19: 那你可以试一下浓一点的
c20: 你干吃几颗试试？",0,"Comments are varied, or repeated wording is naturally explained by the topic (e.g., common reactions, factual answers, or repeated questions); no clear multi-comment coordination pattern."
candidate_0198,Train_2,train_1819,0,19,0.0,low,0.089,[],[],[],"c01: 两个人把面子这一块撑的足足的
c02: 他俩真的超爱演的，女的比娱乐圈的演员还爱演
c03: 这个美女今年五月联合其他高人一起搞了件大事也算是能的
c04: 她让我想起郑嘉颖的老婆，应该也是阿拉伯人，主要种族特征非常明显，还说是亲生
c05: 两个表演型人格走到一起 这谁分得清真实还是表演
c06: 郑嘉颖老婆的弟弟，才真的明显。我觉得就是外国人的样子
c07: 发达国家高知的人不一定生孩子
c08: 不生孩子真的好爽
c09: 他们两太刻意了，第一次出来很惊艳，现在觉得很爱演
c10: 什么事啊好奇
c11: 说实话 我觉得乔治年纪太大了看起来
c12: 有没有可能他们孩子都7岁了
c13: 所以他俩的娃是女方亲自生的吗前几年还看到大家都在夸她，现在怎么风评变了
c14: 这个我信。
c15: 嗯？都10年了，感觉他俩火的新闻没多久啊
c16: 你看到的可能是营销文
c17: 感觉有老人味儿了
c18: 时尚大厂， 前司和前前司领导（ 都是五十多岁的） 都说他以前是交男朋友的。。。
c19: 想看他们的小孩",0,"Comments are varied, or repeated wording is naturally explained by the topic (e.g., common reactions, factual answers, or repeated questions); no clear multi-comment coordination pattern."
candidate_0199,Validation,val_349,0,19,0.0,low,0.311,[],[],[],"c01: 关于宿舍价位：2800、6500和8700。
国际教育学院8700
非国际学院可选2800/6500
c02: 2800难抢吗
c03: 跨学院转？
c04: 广工商三水区 有精装4300六人间是吗 两层的？要抢吗 还有6500的要抢吗？是和2800一起抢吗 哪个竞争大 不想去2800的
c05: 三水校区有啥奶茶店
c06: 一个是会计的企业班，一个是财管，两个专业不一样，叫智能财管只是因为它是企业班所以名字上作出区别
c07: 企业班
c08: 茶百道，蜜雪，库迪，瑞幸，益禾堂，古茗，沪上阿姨，桃园三章，还有其他自创的也挺好喝
c09: 那种数智会计创新班和普通班有什么区别
c10: 我还没收到消息，有了踢你
c11: 1、2栋的宿舍是不是连在一起的呀
c12: 已经被录取了，有新生群嘛
c13: 您好，广州工商学院不同专业组可以转专业吗
c14: 今年的新生群有吗
c15: 两对面
c16: 可以，报那个智能财管实验班或者数智创新班
c17: 今年432过本科线4分排位92503能报会计嘛
c18: 智能财管实验班跟财务管理普通班有什么区别
c19: 没有四千的",0,"Comments are varied, or repeated wording is naturally explained by the topic (e.g., common reactions, factual answers, or repeated questions); no clear multi-comment coordination pattern."
candidate_0200,Train_4,train_861,0,16,0.0,low,0.3565,[],[],[],"c01: 这种别出，又三无号又刀的，不过再刀➕ 20的表情包快把我笑薯了
c02: 正好闲的我没事
c03: 别出，会到手刀的
c04: 笑死我了
c05: 我就搞不懂一二十块钱有啥刀的～真的这么穷吗
c06: 主要是我写了不刀 卖不出去我自己用了
c07: 这种价讲好了都会到手刀的
c08: 我卖个10块钱的书，别人还要自提砍我¥5呢！（而且这个自提还要我给他送到轻轨站下面他不出站）
c09: 有个人问我半天，每次回复隔老久，关键问的问题我简介已经写的很清楚了，最后又不买，真不到两个耳朵中间夹的什么。
c10: 这方面我能说上几句
c11: 降10块可以接受的，我现在就是整个后悔之前没给人家降10块钱出望远镜可碍事了（前提买家人靠谱）
c12: 🇰🇷了
c13: 我卖个七八十的东西，有人来砍大刀问我55行不行
c14: 真无语 就差说你白送给他呗
c15: <用户名>，下次你也用这个
c16: 同不理解，18块钱的东西，还要还2元，真的很无语",0,"Comments are varied, or repeated wording is naturally explained by the topic (e.g., common reactions, factual answers, or repeated questions); no clear multi-comment coordination pattern."
